Period,consumer_sentiment,current_conditions,future_expectations,country_economic_conditions,city_economic_conditions,household_income,household_budget,discretionary_spending,household_spending,job_prospect,consumer_outlook,Country 
01/01/2022,11,8,12,17,14,6,-2,12,23,4,Neutral,Algeria
01/02/2022,-6,-5,-6,1,-5,-7,-8,10,-13,-19,Negative,Algeria
01/03/2022,-6,-20,0,27,-15,-9,-17,-25,13,-14,Negative,Algeria
01/04/2022,24,-7,37,43,17,49,26,28,49,-42,Positive,Algeria
01/05/2022,-7,-26,0,-12,8,1,-7,3,10,-54,Negative,Algeria
01/06/2022,7,-3,11,8,0,-4,29,9,23,-14,Neutral,Algeria
01/07/2022,12,19,9,16,14,-9,-11,42,35,-3,Neutral,Algeria
01/08/2022,12,29,5,14,16,-12,-25,34,33,25,Neutral,Algeria
01/09/2022,4,-13,10,22,19,5,-6,18,11,-44,Neutral,Algeria
01/10/2022,-9,7,-15,-10,-10,-20,-32,-3,-1,17,Negative,Algeria
01/11/2022,6,-17,15,24,20,2,21,6,8,-39,Neutral,Algeria
01/12/2022,14,29,8,-2,13,5,-8,35,31,23,Neutral,Algeria
01/01/2023,17,44,6,9,12,-4,-8,38,21,49,Positive,Algeria
01/02/2023,18,26,15,17,20,15,-2,30,24,22,Positive,Algeria
01/03/2023,3,-6,7,20,6,-28,16,6,20,-17,Neutral,Algeria
01/04/2023,15,-16,28,27,24,26,27,20,37,-52,Neutral,Algeria
01/05/2023,15,-1,22,25,28,10,29,20,19,-22,Neutral,Algeria
01/06/2023,32,34,31,31,37,16,42,50,31,17,Positive,Algeria
01/07/2023,21,14,24,17,23,-6,41,49,46,-22,Positive,Algeria
01/08/2023,27,1,37,40,45,26,33,36,40,-33,Positive,Algeria
01/09/2023,37,10,48,58,58,23,44,56,58,-36,Positive,Algeria
01/10/2023,22,12,26,29,26,-3,23,-19,55,43,Positive,Algeria
01/04/2022,-26,-53,-16,-45,-22,-48,68,-40,-32,-66,Negative,Angola
01/05/2022,-35,-69,-21,-46,-54,-46,91,-57,-49,-82,Negative,Angola
01/06/2022,-35,-63,-23,-53,-45,-58,85,-53,-45,-73,Negative,Angola
01/07/2022,-27,-56,-15,-44,-42,-28,87,-49,-50,-62,Negative,Angola
01/08/2022,-10,-44,4,-12,-12,-2,80,-29,-33,-59,Negative,Angola
01/09/2022,-28,-69,-12,-34,-35,-12,88,-66,-67,-71,Negative,Angola
01/10/2022,-24,-48,-15,-33,-49,-32,81,-34,-42,-62,Negative,Angola
01/11/2022,-26,-46,-18,-48,-49,-46,91,-35,-37,-58,Negative,Angola
01/12/2022,66,20,84,98,97,96,66,39,63,1,Positive,Angola
01/01/2023,38,7,50,71,76,69,20,16,16,-2,Positive,Angola
01/02/2023,22,2,30,48,50,47,4,4,0,0,Positive,Angola
01/03/2023,15,1,21,31,31,29,4,7,9,-4,Neutral,Angola
01/04/2023,5,-1,7,13,5,14,1,18,2,-19,Neutral,Angola
01/05/2023,44,8,58,58,57,48,65,65,64,-48,Positive,Angola
01/06/2023,37,40,36,41,37,18,39,50,46,30,Positive,Angola
01/07/2023,46,35,51,53,66,22,48,75,64,-5,Positive,Angola
01/08/2023,26,17,30,33,28,31,29,33,29,0,Positive,Angola
01/09/2023,23,16,26,27,25,28,27,31,25,0,Positive,Angola
01/10/2023,20,18,22,32,30,6,34,35,4,0,Positive,Angola
01/06/2016,19,-1,27,36,27,27,35,31,12,-33,Positive,Cameroon
01/07/2016,12,2,15,19,13,14,21,27,9,-22,Neutral,Cameroon
01/08/2016,15,0,22,26,13,20,28,25,22,-26,Neutral,Cameroon
01/09/2016,21,2,28,24,29,29,38,39,19,-35,Positive,Cameroon
01/10/2016,22,12,26,24,22,26,32,43,25,-18,Positive,Cameroon
01/11/2016,15,14,16,18,18,11,13,35,19,-8,Neutral,Cameroon
01/12/2016,16,10,18,14,20,22,11,29,23,-8,Positive,Cameroon
01/01/2017,16,5,20,20,14,22,18,23,25,-13,Positive,Cameroon
01/02/2017,11,3,14,16,15,12,15,19,10,-13,Neutral,Cameroon
01/03/2017,11,7,13,7,14,16,12,19,16,-4,Neutral,Cameroon
01/04/2017,21,12,25,26,25,23,22,36,31,-11,Positive,Cameroon
01/05/2017,17,10,20,21,16,18,16,22,27,-2,Positive,Cameroon
01/06/2017,14,13,15,8,15,12,11,20,27,7,Neutral,Cameroon
01/07/2017,13,15,11,5,13,11,6,17,21,13,Neutral,Cameroon
01/08/2017,12,3,16,16,9,15,18,20,22,-14,Neutral,Cameroon
01/09/2017,10,3,13,13,19,5,12,13,18,-7,Neutral,Cameroon
01/10/2017,9,5,10,17,4,4,14,18,13,-8,Neutral,Cameroon
01/11/2017,16,15,16,20,15,14,17,33,17,-3,Positive,Cameroon
01/12/2017,11,9,12,11,15,8,12,15,15,2,Neutral,Cameroon
01/01/2018,9,7,9,8,10,2,11,4,14,10,Neutral,Cameroon
01/02/2018,8,-1,11,16,9,2,15,-4,14,2,Neutral,Cameroon
01/03/2018,7,16,3,4,1,-3,4,20,10,12,Neutral,Cameroon
01/04/2018,17,20,15,23,15,11,10,21,18,19,Positive,Cameroon
01/05/2018,13,10,14,15,16,14,17,14,9,7,Neutral,Cameroon
01/06/2018,12,-3,18,27,18,17,19,9,11,-16,Neutral,Cameroon
01/07/2018,7,-4,11,20,11,12,11,4,2,-11,Neutral,Cameroon
01/08/2018,13,-9,22,30,18,26,24,-1,12,-16,Neutral,Cameroon
01/09/2018,7,-4,11,16,16,12,7,5,5,-14,Neutral,Cameroon
01/10/2018,-2,-15,4,6,2,2,2,-1,8,-30,Negative,Cameroon
01/11/2018,8,-11,16,15,15,15,17,17,16,-39,Neutral,Cameroon
01/12/2018,6,-9,12,18,12,8,7,2,16,-19,Neutral,Cameroon
01/01/2019,6,-1,8,14,8,11,-1,-1,10,-1,Neutral,Cameroon
01/02/2019,-3,-5,-2,0,0,0,-5,-5,-6,-5,Negative,Cameroon
01/03/2019,-10,-19,-6,-4,-6,3,-11,-11,-12,-26,Negative,Cameroon
01/04/2019,0,-7,3,4,6,1,-1,-3,3,-11,Neutral,Cameroon
01/05/2019,3,-4,5,6,6,-1,8,8,8,-15,Neutral,Cameroon
01/06/2019,2,-5,5,3,7,6,2,7,6,-17,Neutral,Cameroon
01/07/2019,-8,-18,-5,4,-5,-4,-11,-10,-7,-25,Negative,Cameroon
01/08/2019,6,-7,12,15,15,9,8,7,11,-21,Neutral,Cameroon
01/09/2019,7,-4,12,10,10,18,2,3,18,-11,Neutral,Cameroon
01/10/2019,20,11,23,26,21,23,18,11,29,12,Positive,Cameroon
01/11/2019,15,2,20,20,19,18,18,17,24,-13,Neutral,Cameroon
01/12/2019,10,1,14,17,14,10,14,8,13,-6,Neutral,Cameroon
01/01/2020,14,6,18,20,23,11,17,18,18,-6,Neutral,Cameroon
01/02/2020,-2,-2,-3,2,-3,-5,-4,-8,-2,5,Negative,Cameroon
01/03/2020,11,5,13,17,11,16,11,5,10,5,Neutral,Cameroon
01/04/2020,4,2,5,12,4,3,2,5,4,-1,Neutral,Cameroon
01/05/2020,14,3,18,17,17,14,23,18,21,-12,Neutral,Cameroon
01/06/2020,10,1,14,12,14,12,17,14,16,-13,Neutral,Cameroon
01/07/2020,4,-1,5,6,-1,7,4,9,9,-11,Neutral,Cameroon
01/08/2020,-2,-9,1,-1,-4,1,8,2,1,-20,Negative,Cameroon
01/09/2020,-2,-4,-2,-16,-8,0,11,12,4,-19,Negative,Cameroon
01/10/2020,4,3,5,-10,-4,-2,20,22,21,-17,Neutral,Cameroon
01/11/2020,-3,-3,-3,-6,-8,-4,0,9,6,-16,Negative,Cameroon
01/12/2020,0,0,0,-9,-8,-4,14,14,7,-13,Neutral,Cameroon
01/01/2021,0,0,0,-5,-3,-7,12,17,1,-16,Neutral,Cameroon
01/02/2021,6,0,8,6,7,10,15,7,6,-7,Neutral,Cameroon
01/03/2021,1,-6,4,3,3,6,12,8,-5,-21,Neutral,Cameroon
01/04/2021,6,5,7,11,8,5,11,27,-1,-17,Neutral,Cameroon
01/05/2021,11,3,15,15,13,9,15,25,23,-19,Neutral,Cameroon
01/06/2021,10,4,12,20,18,16,10,3,-5,5,Neutral,Cameroon
01/07/2021,14,0,20,25,22,25,13,13,15,-14,Neutral,Cameroon
01/08/2021,6,5,6,6,8,12,15,11,-12,0,Neutral,Cameroon
01/09/2021,11,9,12,15,13,13,18,18,1,0,Neutral,Cameroon
01/10/2021,12,5,15,5,15,27,26,32,0,-22,Neutral,Cameroon
01/11/2021,10,7,11,-1,13,18,21,29,4,-15,Neutral,Cameroon
01/12/2021,14,5,18,4,21,20,22,41,22,-31,Neutral,Cameroon
01/01/2022,3,-11,9,2,10,12,9,22,11,-45,Neutral,Cameroon
01/02/2022,5,-2,8,-18,18,12,10,28,18,-31,Neutral,Cameroon
01/03/2022,14,1,19,10,43,0,18,10,25,-8,Neutral,Cameroon
01/04/2022,10,7,11,7,21,4,16,22,8,-8,Neutral,Cameroon
01/05/2022,4,-5,7,7,4,20,8,11,-4,-22,Neutral,Cameroon
01/06/2022,-1,-12,3,1,7,-9,10,8,8,-31,Negative,Cameroon
01/07/2022,4,5,4,4,4,8,5,23,-4,-13,Neutral,Cameroon
01/08/2022,13,0,18,15,17,15,25,26,16,-27,Neutral,Cameroon
01/09/2022,4,-6,8,9,7,6,11,15,8,-26,Neutral,Cameroon
01/10/2022,2,4,1,8,5,-4,-8,12,3,-3,Neutral,Cameroon
01/11/2022,0,-1,1,2,2,-11,14,15,-3,-17,Neutral,Cameroon
01/12/2022,-10,-16,-8,-11,-10,-8,-11,-5,0,-27,Negative,Cameroon
01/01/2023,-6,-17,-1,4,6,2,-4,-11,-14,-23,Negative,Cameroon
01/02/2023,4,-16,12,13,21,18,6,-9,1,-23,Neutral,Cameroon
01/03/2023,-4,-12,-1,-6,-4,-6,13,0,-2,-25,Negative,Cameroon
01/04/2023,2,-12,8,10,3,2,18,8,5,-32,Neutral,Cameroon
01/05/2023,1,-4,3,6,6,4,-1,5,2,-12,Neutral,Cameroon
01/06/2023,-4,-5,-3,-6,0,-4,-4,7,0,-17,Negative,Cameroon
01/07/2023,-12,-24,-8,-15,-14,-20,10,-4,-1,-43,Negative,Cameroon
01/08/2023,3,-14,10,11,9,6,14,14,10,-42,Neutral,Cameroon
01/09/2023,3,-13,9,6,6,1,18,19,14,-45,Neutral,Cameroon
01/10/2023,7,-21,19,15,12,14,23,17,29,-58,Neutral,Cameroon
01/04/2021,-10,-29,-3,-1,-2,-1,2,-2,-15,-56,Negative,Congo
01/05/2021,-8,-21,-2,0,-1,2,-4,-6,-8,-36,Negative,Congo
01/06/2021,-7,-22,-1,2,2,1,-3,-4,-7,-39,Negative,Congo
01/07/2021,-7,-28,2,11,10,9,-5,-8,-15,-48,Negative,Congo
01/08/2021,-6,-10,-4,2,3,5,-10,-9,-20,-11,Negative,Congo
01/09/2021,-15,-16,-15,-13,-14,-11,-19,-15,-21,-16,Negative,Congo
01/10/2021,-23,-28,-21,-16,-18,-19,-26,-25,-28,-30,Negative,Congo
01/11/2021,-27,-33,-24,-15,-22,-22,-29,-28,-33,-38,Negative,Congo
01/12/2021,-26,-42,-19,-16,-18,-15,-20,-33,-28,-51,Negative,Congo
01/01/2022,-8,-33,2,6,8,7,-1,-12,-8,-54,Negative,Congo
01/02/2022,-11,-33,-3,-6,2,1,-3,-16,-8,-50,Negative,Congo
01/03/2022,-12,-27,-6,-3,-2,-2,-7,-15,-17,-40,Negative,Congo
01/04/2022,-8,-27,-1,6,3,3,-6,-18,-10,-37,Negative,Congo
01/05/2022,-3,-20,4,8,9,9,2,-7,-8,-33,Negative,Congo
01/06/2022,-20,-44,-11,-10,-9,-5,-11,-21,-19,-67,Negative,Congo
01/07/2022,-11,-30,-4,-4,-4,-3,-1,-2,-5,-58,Negative,Congo
01/08/2022,-17,-28,-12,-17,-18,-12,-8,-3,-6,-53,Negative,Congo
01/09/2022,-18,-42,-8,4,0,-3,-2,-23,-40,-62,Negative,Congo
01/10/2022,-1,-11,3,5,7,7,2,-1,-5,-20,Negative,Congo
01/11/2022,-12,-20,-9,-11,-6,-26,1,7,-1,-47,Negative,Congo
01/12/2022,4,-7,9,21,8,9,-16,10,22,-24,Neutral,Congo
01/01/2023,25,10,31,38,39,29,9,51,39,-30,Positive,Congo
01/02/2023,28,8,36,33,42,35,30,46,39,-30,Positive,Congo
01/03/2023,-6,-26,2,-6,-7,-19,52,-13,-8,-40,Negative,Congo
01/04/2023,0,-26,11,23,15,13,10,8,-8,-59,Neutral,Congo
01/05/2023,27,30,26,26,25,26,36,55,17,5,Positive,Congo
01/06/2023,30,22,34,41,26,39,28,38,35,5,Positive,Congo
01/07/2023,0,-38,15,21,25,23,39,-11,-34,-65,Neutral,Congo
01/08/2023,22,6,29,36,31,29,29,39,20,-27,Positive,Congo
01/09/2023,36,18,43,51,48,33,47,48,37,-12,Positive,Congo
01/10/2023,62,33,73,77,74,61,80,87,75,-21,Positive,Congo
01/04/2021,10,-36,28,24,43,53,32,-20,-10,-51,Neutral,DRC
01/05/2021,13,-19,26,11,12,34,61,5,11,-43,Neutral,DRC
01/06/2021,-14,-42,-3,-23,-20,9,36,-20,-16,-64,Negative,DRC
01/07/2021,-22,-39,-15,-32,-29,-12,49,-26,-49,-52,Negative,DRC
01/08/2021,-19,-47,-8,-21,-21,2,53,-37,-53,-57,Negative,DRC
01/09/2021,-28,-54,-18,-33,-36,-16,55,-34,-58,-75,Negative,DRC
01/10/2021,-28,-47,-20,-39,-35,-21,49,-37,-55,-57,Negative,DRC
01/11/2021,-18,-34,-11,-23,-27,-6,48,-21,-50,-47,Negative,DRC
01/12/2021,-18,-48,-6,-21,-17,-7,66,-37,-51,-59,Negative,DRC
01/01/2022,-19,-56,-4,-25,-23,-5,80,-46,-48,-65,Negative,DRC
01/02/2022,-20,-47,-10,-39,-21,0,66,-33,-55,-61,Negative,DRC
01/03/2022,-22,-55,-9,-29,-29,-13,80,-40,-53,-71,Negative,DRC
01/04/2022,-18,-66,1,-16,-5,13,78,-54,-64,-79,Negative,DRC
01/05/2022,-31,-62,-19,-45,-39,-24,94,-54,-80,-70,Negative,DRC
01/06/2022,-20,-54,-6,-23,-16,-19,77,-35,-49,-73,Negative,DRC
01/07/2022,-14,-44,-2,-21,-19,-11,81,-23,-42,-64,Negative,DRC
01/08/2022,-13,-47,0,-14,-17,-3,79,-32,-43,-61,Negative,DRC
01/09/2022,-21,-58,-7,-27,-27,-15,85,-46,-49,-69,Negative,DRC
01/10/2022,-3,-39,11,2,4,27,58,-20,-36,-59,Negative,DRC
01/11/2022,-13,-48,1,-12,-4,14,48,-24,-39,-71,Negative,DRC
01/12/2022,-19,-52,-6,-22,-30,-13,76,-39,-40,-65,Negative,DRC
01/01/2023,-23,-52,-12,-32,-35,-29,80,-40,-42,-64,Negative,DRC
01/02/2023,-14,-37,-5,-24,-28,-24,78,-17,-27,-57,Negative,DRC
01/03/2023,-20,-41,-12,-36,-29,-34,79,-29,-37,-53,Negative,DRC
01/04/2023,-18,-51,-5,-9,-29,-14,68,-35,-39,-67,Negative,DRC
01/05/2023,-20,-56,-6,-21,-31,-10,71,-38,-40,-73,Negative,DRC
01/06/2023,-24,-54,-11,-32,-27,-21,77,-30,-54,-78,Negative,DRC
01/07/2023,-33,-53,-24,-52,-49,-47,89,-37,-62,-70,Negative,DRC
01/08/2023,-37,-62,-27,-54,-50,-54,79,-52,-56,-73,Negative,DRC
01/09/2023,-41,-68,-30,-64,-59,-49,90,-53,-68,-83,Negative,DRC
01/10/2023,-39,-63,-30,-62,-55,-64,93,-62,-62,-64,Negative,DRC
01/01/2022,18,-1,25,35,32,32,21,-4,7,1,Positive,Egypt
01/02/2022,-2,-25,8,-5,4,16,53,-46,-28,-5,Negative,Egypt
01/03/2022,14,-23,29,30,31,38,69,-36,-22,-9,Neutral,Egypt
01/04/2022,12,0,16,17,17,19,64,3,-35,-2,Neutral,Egypt
01/05/2022,22,6,28,25,25,34,50,17,8,-6,Positive,Egypt
01/06/2022,24,-1,34,35,33,38,37,1,27,-3,Positive,Egypt
01/07/2022,31,3,42,40,39,41,34,2,57,4,Positive,Egypt
01/08/2022,49,1,68,76,72,75,55,4,60,-2,Positive,Egypt
01/09/2022,45,3,62,70,69,70,36,15,67,-9,Positive,Egypt
01/10/2022,-13,-27,-7,-7,-9,-11,-3,-20,-6,-33,Negative,Egypt
01/11/2022,-21,-23,-20,-25,-28,-27,-6,-18,-13,-28,Negative,Egypt
01/12/2022,16,7,20,21,30,18,-2,28,31,-13,Positive,Egypt
01/01/2023,41,27,46,47,59,41,28,56,55,-2,Positive,Egypt
01/02/2023,-25,-55,-13,-7,-9,-1,-34,-31,-13,-78,Negative,Egypt
01/03/2023,38,1,53,42,45,43,65,3,71,-1,Positive,Egypt
01/04/2023,31,-11,48,25,28,46,52,-13,87,-9,Positive,Egypt
01/05/2023,39,-7,58,57,57,50,44,-9,80,-5,Positive,Egypt
01/06/2023,36,23,41,45,46,34,33,51,47,-5,Positive,Egypt
01/07/2023,-3,2,-5,-1,0,-30,-1,18,9,-15,Negative,Egypt
01/08/2023,65,39,76,75,80,75,80,77,69,1,Positive,Egypt
01/09/2023,25,22,27,28,26,28,25,52,28,-7,Positive,Egypt
01/10/2023,69,46,79,78,81,73,86,91,78,1,Positive,Egypt
01/06/2016,1,-24,11,-6,-2,3,17,2,42,-49,Neutral,Ghana
01/07/2016,-5,-34,6,-23,-20,-7,31,-17,49,-51,Negative,Ghana
01/08/2016,9,4,12,14,10,12,11,10,10,-2,Neutral,Ghana
01/09/2016,-2,-6,-1,-3,-3,-2,-2,-3,7,-9,Negative,Ghana
01/10/2016,2,-31,16,-1,3,11,11,6,54,-68,Neutral,Ghana
01/11/2016,9,-6,15,7,15,19,23,3,11,-14,Neutral,Ghana
01/12/2016,36,14,44,58,56,65,69,46,-26,-19,Positive,Ghana
01/01/2017,6,-4,11,13,12,14,15,8,-1,-17,Neutral,Ghana
01/02/2017,2,-4,5,0,1,6,11,6,4,-14,Neutral,Ghana
01/03/2017,33,11,42,34,46,64,79,48,-15,-27,Positive,Ghana
01/04/2017,34,20,39,33,33,61,82,65,-14,-25,Positive,Ghana
01/05/2017,44,19,54,40,45,80,89,62,19,-25,Positive,Ghana
01/06/2017,37,16,45,32,40,61,74,57,19,-26,Positive,Ghana
01/07/2017,28,14,33,15,21,45,75,52,10,-24,Positive,Ghana
01/08/2017,38,22,44,41,40,49,78,65,14,-22,Positive,Ghana
01/09/2017,37,24,42,39,45,40,80,69,7,-20,Positive,Ghana
01/10/2017,35,13,44,42,44,60,68,54,7,-28,Positive,Ghana
01/11/2017,12,3,15,-1,-1,35,48,22,-5,-16,Neutral,Ghana
01/12/2017,29,27,30,12,21,29,85,76,2,-22,Positive,Ghana
01/01/2018,25,7,33,14,25,43,77,44,3,-29,Positive,Ghana
01/02/2018,36,16,44,33,41,54,81,58,10,-26,Positive,Ghana
01/03/2018,31,22,35,28,30,38,75,60,2,-16,Positive,Ghana
01/04/2018,14,-6,22,15,19,31,53,22,-6,-34,Neutral,Ghana
01/05/2018,18,-14,31,0,43,0,43,14,71,-43,Positive,Ghana
01/06/2018,41,-17,64,85,81,74,30,30,52,-63,Positive,Ghana
01/07/2018,25,-30,48,73,73,78,11,-8,3,-51,Positive,Ghana
01/08/2018,26,8,33,33,33,17,50,25,33,-8,Positive,Ghana
01/09/2018,19,-17,33,100,33,0,33,0,0,-33,Positive,Ghana
01/10/2018,12,11,13,16,18,13,2,27,16,-4,Neutral,Ghana
01/11/2018,-3,1,-5,3,-2,-9,-10,4,-7,-2,Negative,Ghana
01/12/2018,-14,6,-21,-21,-16,-24,-21,-20,-24,32,Negative,Ghana
01/01/2019,-12,4,-18,-7,-22,-22,-23,-25,-18,33,Negative,Ghana
01/02/2019,-7,19,-17,-16,-24,-17,-15,-15,-13,54,Negative,Ghana
01/03/2019,-22,8,-34,-34,-32,-40,-25,-23,-42,39,Negative,Ghana
01/04/2019,-38,-14,-47,-40,-43,-45,-49,-58,-60,29,Negative,Ghana
01/05/2019,-12,15,-23,-21,-22,-17,-21,-4,-32,35,Negative,Ghana
01/06/2019,-37,-35,-38,-35,-31,-42,-34,-29,-47,-41,Negative,Ghana
01/07/2019,-34,-30,-35,-40,-28,-42,-26,-33,-39,-28,Negative,Ghana
01/08/2019,-34,-32,-35,-48,-43,-33,-29,-15,-25,-49,Negative,Ghana
01/09/2019,-33,-24,-36,-43,-42,-40,-31,-12,-23,-37,Negative,Ghana
01/10/2019,-32,-37,-30,-22,-33,-25,-37,-21,-35,-53,Negative,Ghana
01/11/2019,-30,-29,-30,-47,-40,-13,-27,-18,-22,-39,Negative,Ghana
01/12/2019,-16,-25,-12,-27,-19,1,-34,2,18,-51,Negative,Ghana
01/01/2020,-2,-32,10,-18,1,17,17,3,31,-66,Negative,Ghana
01/02/2020,-17,-41,-7,-35,-19,-7,-12,-7,38,-76,Negative,Ghana
01/03/2020,-51,-73,-42,-46,-49,-44,-41,-52,-33,-93,Negative,Ghana
01/04/2020,-21,-62,-5,-24,-14,4,-7,-36,15,-88,Negative,Ghana
01/05/2020,-13,-50,2,-49,-22,21,-1,-5,62,-95,Negative,Ghana
01/06/2020,-27,-55,-16,-29,-19,-12,-25,-29,4,-82,Negative,Ghana
01/07/2020,-17,-48,-5,-28,-5,6,-10,-20,15,-75,Negative,Ghana
01/08/2020,-7,-26,0,-12,-6,9,-2,-2,12,-51,Negative,Ghana
01/09/2020,-16,-41,-6,-22,-11,2,-5,-31,5,-52,Negative,Ghana
01/10/2020,-15,-37,-6,-16,-9,1,-9,-22,3,-51,Negative,Ghana
01/11/2020,-2,-34,11,-1,6,23,7,-4,20,-65,Negative,Ghana
01/12/2020,-3,-28,8,-5,2,13,7,-6,21,-49,Negative,Ghana
01/01/2021,-3,-28,7,-11,-2,18,8,-5,21,-52,Negative,Ghana
01/02/2021,-5,-28,5,-18,-10,13,10,-3,28,-54,Negative,Ghana
01/03/2021,6,-22,18,-6,12,23,21,6,38,-51,Neutral,Ghana
01/04/2021,8,-21,19,-3,10,33,20,2,35,-44,Neutral,Ghana
01/05/2021,-3,-25,7,-17,-8,14,9,3,35,-53,Negative,Ghana
01/06/2021,11,-18,22,2,14,36,26,15,33,-51,Neutral,Ghana
01/07/2021,11,-21,24,25,31,35,13,14,14,-57,Neutral,Ghana
01/08/2021,6,-15,15,18,14,17,18,8,7,-37,Neutral,Ghana
01/09/2021,10,-13,19,19,19,30,15,10,10,-35,Neutral,Ghana
01/10/2021,5,-21,16,13,13,26,17,11,11,-54,Neutral,Ghana
01/11/2021,15,-19,28,34,30,38,25,8,14,-46,Neutral,Ghana
01/12/2021,17,-13,29,32,35,38,16,25,26,-51,Positive,Ghana
01/01/2022,-1,-24,9,9,12,19,4,-3,-1,-44,Negative,Ghana
01/02/2022,-2,-15,3,-18,15,9,6,7,6,-36,Negative,Ghana
01/03/2022,-8,-25,-1,3,5,-7,7,-3,-14,-46,Negative,Ghana
01/04/2022,-1,-18,6,2,16,13,6,-2,-6,-35,Negative,Ghana
01/05/2022,5,-14,13,2,9,28,20,0,5,-27,Neutral,Ghana
01/06/2022,3,-23,13,7,3,14,17,-7,25,-40,Neutral,Ghana
01/07/2022,7,-14,16,11,18,16,13,4,22,-31,Neutral,Ghana
01/08/2022,12,-21,25,28,26,36,18,2,16,-44,Neutral,Ghana
01/09/2022,2,-28,14,-6,-6,29,24,-10,27,-46,Neutral,Ghana
01/10/2022,5,-23,17,1,4,29,20,-1,28,-46,Neutral,Ghana
01/11/2022,13,-28,29,11,13,51,32,6,39,-62,Neutral,Ghana
01/12/2022,13,-35,32,29,28,59,15,-1,29,-68,Neutral,Ghana
01/01/2023,16,-33,35,35,34,60,20,0,27,-66,Positive,Ghana
01/02/2023,16,-27,33,25,28,60,29,12,24,-66,Positive,Ghana
01/03/2023,20,-31,41,53,50,65,25,8,11,-69,Positive,Ghana
01/04/2023,21,-26,39,38,34,61,41,18,24,-70,Positive,Ghana
01/05/2023,19,-14,32,20,22,52,39,28,27,-57,Positive,Ghana
01/06/2023,18,-17,31,25,28,51,41,25,12,-59,Positive,Ghana
01/07/2023,19,-26,37,22,23,64,50,18,26,-69,Positive,Ghana
01/08/2023,15,-29,33,37,34,59,33,-4,4,-55,Neutral,Ghana
01/09/2023,22,-26,41,34,36,67,48,11,19,-63,Positive,Ghana
01/10/2023,23,-36,46,59,61,70,46,-7,-5,-66,Positive,Ghana
01/06/2016,-8,-39,4,19,5,10,26,-18,-38,-61,Negative,Ivory Coast
01/07/2016,11,-14,21,33,24,19,33,19,-4,-48,Neutral,Ivory Coast
01/08/2016,-11,-21,-7,-9,-13,-2,-3,4,-9,-45,Negative,Ivory Coast
01/09/2016,-12,-28,-6,-8,-9,-4,-1,7,-8,-64,Negative,Ivory Coast
01/10/2016,-3,-21,4,10,3,7,6,7,-9,-49,Negative,Ivory Coast
01/11/2016,-1,-22,7,11,3,8,9,19,4,-63,Negative,Ivory Coast
01/12/2016,2,-27,13,11,15,17,12,16,10,-70,Neutral,Ivory Coast
01/01/2017,-7,-30,2,-2,4,3,14,-5,-9,-54,Negative,Ivory Coast
01/02/2017,-3,-26,6,-1,3,7,21,3,3,-56,Negative,Ivory Coast
01/03/2017,5,-22,15,7,17,19,22,8,12,-53,Neutral,Ivory Coast
01/04/2017,5,-26,17,18,18,20,13,22,14,-74,Neutral,Ivory Coast
01/05/2017,7,-9,13,9,18,15,17,13,6,-31,Neutral,Ivory Coast
01/06/2017,10,-5,16,15,21,18,7,17,16,-26,Neutral,Ivory Coast
01/07/2017,6,-6,11,10,6,14,11,10,13,-22,Neutral,Ivory Coast
01/08/2017,9,-15,19,21,19,27,18,17,11,-46,Neutral,Ivory Coast
01/09/2017,10,-15,20,23,19,23,17,18,17,-48,Neutral,Ivory Coast
01/10/2017,1,-19,8,5,7,9,25,-3,-4,-35,Neutral,Ivory Coast
01/11/2017,20,2,27,32,27,25,21,35,31,-31,Positive,Ivory Coast
01/12/2017,22,-9,35,40,37,40,33,43,26,-61,Positive,Ivory Coast
01/01/2018,22,-16,38,39,41,39,42,29,27,-61,Positive,Ivory Coast
01/02/2018,21,-14,35,37,36,37,33,28,31,-56,Positive,Ivory Coast
01/03/2018,19,-9,30,34,32,30,23,30,30,-48,Positive,Ivory Coast
01/04/2018,15,-12,25,28,27,24,26,21,23,-46,Neutral,Ivory Coast
01/05/2018,16,-8,25,29,24,27,25,22,20,-37,Positive,Ivory Coast
01/06/2018,17,-12,28,30,29,33,17,16,32,-41,Positive,Ivory Coast
01/07/2018,18,-15,31,34,30,35,30,14,25,-45,Positive,Ivory Coast
01/08/2018,16,-13,27,34,27,32,25,13,19,-39,Positive,Ivory Coast
01/09/2018,18,-9,29,31,33,28,27,18,25,-37,Positive,Ivory Coast
01/10/2018,15,-9,24,25,29,24,18,16,25,-33,Neutral,Ivory Coast
01/11/2018,18,-14,30,35,36,27,25,16,30,-43,Positive,Ivory Coast
01/12/2018,20,-9,31,31,35,30,27,21,34,-39,Positive,Ivory Coast
01/01/2019,13,-11,23,23,26,22,21,8,21,-31,Neutral,Ivory Coast
01/02/2019,15,-7,23,28,25,22,23,17,18,-31,Neutral,Ivory Coast
01/03/2019,17,-6,26,29,31,26,24,18,21,-31,Positive,Ivory Coast
01/04/2019,15,-8,24,27,26,21,19,15,26,-31,Neutral,Ivory Coast
01/05/2019,18,-7,28,31,30,26,28,16,24,-30,Positive,Ivory Coast
01/06/2019,14,-6,22,28,28,24,17,14,13,-25,Neutral,Ivory Coast
01/07/2019,14,-13,24,26,30,28,21,7,17,-32,Neutral,Ivory Coast
01/08/2019,18,-8,28,27,31,29,25,16,29,-33,Positive,Ivory Coast
01/09/2019,16,-10,26,33,30,20,21,14,27,-34,Positive,Ivory Coast
01/10/2019,15,-6,23,29,26,27,20,21,15,-33,Neutral,Ivory Coast
01/11/2019,17,-1,24,22,23,27,29,26,16,-28,Positive,Ivory Coast
01/12/2019,15,-4,23,21,26,20,23,22,25,-30,Neutral,Ivory Coast
01/01/2020,10,-2,15,16,15,15,18,15,12,-20,Neutral,Ivory Coast
01/02/2020,9,-3,13,13,14,16,16,11,8,-17,Neutral,Ivory Coast
01/03/2020,7,-6,12,12,13,12,16,9,7,-21,Neutral,Ivory Coast
01/04/2020,7,-8,13,10,12,14,17,8,11,-24,Neutral,Ivory Coast
01/05/2020,14,-8,23,26,26,26,23,19,15,-36,Neutral,Ivory Coast
01/06/2020,13,-8,22,26,23,20,22,19,19,-35,Neutral,Ivory Coast
01/07/2020,14,-5,21,24,22,23,20,22,16,-32,Neutral,Ivory Coast
01/08/2020,13,-8,22,25,23,26,22,16,14,-33,Neutral,Ivory Coast
01/09/2020,-4,-8,-2,-2,-2,-3,1,2,-3,-18,Negative,Ivory Coast
01/10/2020,1,-11,6,9,9,7,3,0,0,-22,Neutral,Ivory Coast
01/11/2020,6,-2,10,11,9,15,5,6,9,-10,Neutral,Ivory Coast
01/12/2020,9,-2,14,16,15,14,10,10,14,-13,Neutral,Ivory Coast
01/01/2021,4,-2,7,7,10,7,5,10,4,-13,Neutral,Ivory Coast
01/02/2021,-3,-14,2,1,3,5,3,1,-3,-29,Negative,Ivory Coast
01/03/2021,3,-10,8,7,8,8,10,14,8,-34,Neutral,Ivory Coast
01/04/2021,18,-10,29,27,32,33,23,22,29,-42,Positive,Ivory Coast
01/05/2021,6,-21,16,19,17,23,27,0,-6,-41,Neutral,Ivory Coast
01/06/2021,-2,-28,8,14,13,13,17,-12,-15,-43,Negative,Ivory Coast
01/07/2021,11,-8,19,19,21,24,26,12,4,-29,Neutral,Ivory Coast
01/08/2021,6,-15,15,17,16,18,19,8,2,-38,Neutral,Ivory Coast
01/09/2021,5,-15,12,15,14,14,13,5,5,-34,Neutral,Ivory Coast
01/10/2021,9,-17,20,31,26,25,22,3,-4,-37,Neutral,Ivory Coast
01/11/2021,6,-24,18,28,22,28,16,-6,-4,-42,Neutral,Ivory Coast
01/12/2021,17,-23,33,40,41,40,39,11,7,-56,Positive,Ivory Coast
01/01/2022,15,-19,28,39,36,30,28,21,8,-60,Neutral,Ivory Coast
01/02/2022,8,-11,16,-27,31,29,39,15,6,-37,Neutral,Ivory Coast
01/03/2022,10,-9,17,21,15,10,24,14,16,-31,Neutral,Ivory Coast
01/04/2022,10,-12,19,12,30,9,47,6,-4,-31,Neutral,Ivory Coast
01/05/2022,13,-14,23,18,30,28,34,3,7,-31,Neutral,Ivory Coast
01/06/2022,0,-16,6,10,8,-7,25,5,-4,-37,Neutral,Ivory Coast
01/07/2022,5,-8,10,11,15,6,14,16,2,-32,Neutral,Ivory Coast
01/08/2022,3,-30,16,27,21,14,32,-8,-12,-53,Neutral,Ivory Coast
01/09/2022,11,-24,24,30,28,28,41,5,-5,-52,Neutral,Ivory Coast
01/10/2022,22,-9,35,42,45,36,44,16,9,-34,Positive,Ivory Coast
01/11/2022,18,-22,34,42,38,33,58,2,0,-46,Positive,Ivory Coast
01/12/2022,16,-24,32,36,42,37,41,-3,2,-45,Positive,Ivory Coast
01/01/2023,1,-23,11,11,14,5,3,20,21,-66,Neutral,Ivory Coast
01/02/2023,15,-30,33,47,45,38,41,-8,-7,-52,Neutral,Ivory Coast
01/03/2023,14,-24,29,39,40,30,48,-12,-10,-36,Neutral,Ivory Coast
01/04/2023,11,-36,30,46,33,30,49,-18,-9,-54,Neutral,Ivory Coast
01/05/2023,13,-31,31,43,44,28,41,-9,-3,-52,Neutral,Ivory Coast
01/06/2023,23,-17,38,55,51,44,34,7,8,-41,Positive,Ivory Coast
01/07/2023,14,-24,30,42,36,32,43,-7,-6,-41,Neutral,Ivory Coast
01/08/2023,11,-24,25,39,35,28,34,-13,-10,-34,Neutral,Ivory Coast
01/09/2023,14,-17,26,37,39,35,34,0,-12,-33,Neutral,Ivory Coast
01/10/2023,14,-16,25,36,39,30,45,-10,-23,-22,Neutral,Ivory Coast
01/06/2016,11,-21,24,28,25,28,31,7,10,-49,Neutral,Kenya
01/07/2016,10,-18,21,27,23,25,25,6,7,-41,Neutral,Kenya
01/08/2016,1,-18,8,6,5,17,12,2,1,-37,Neutral,Kenya
01/09/2016,4,-20,14,16,18,20,11,2,3,-42,Neutral,Kenya
01/10/2016,4,-19,14,16,14,21,13,6,4,-45,Neutral,Kenya
01/11/2016,7,-23,19,18,19,25,18,4,13,-49,Neutral,Kenya
01/12/2016,4,-26,16,13,16,27,12,-4,13,-48,Neutral,Kenya
01/01/2017,3,-30,16,13,15,29,18,-12,5,-49,Neutral,Kenya
01/02/2017,1,-30,13,10,16,21,13,-14,7,-46,Neutral,Kenya
01/03/2017,0,-32,13,12,17,22,15,-3,2,-61,Neutral,Kenya
01/04/2017,-1,-27,10,3,6,14,19,-3,7,-52,Negative,Kenya
01/05/2017,0,-29,12,7,11,16,17,-7,10,-50,Neutral,Kenya
01/06/2017,3,-30,17,14,22,24,15,-8,7,-52,Neutral,Kenya
01/07/2017,-1,-34,12,10,12,24,20,-16,-5,-53,Negative,Kenya
01/08/2017,6,-22,17,18,22,21,18,2,7,-46,Neutral,Kenya
01/09/2017,0,-29,12,12,13,21,14,-8,0,-50,Neutral,Kenya
01/10/2017,-7,-30,2,-7,-5,13,10,-11,-1,-50,Negative,Kenya
01/11/2017,2,-23,12,14,15,17,16,-3,0,-42,Neutral,Kenya
01/12/2017,7,-24,19,23,24,27,22,-1,1,-47,Neutral,Kenya
01/01/2018,8,-21,19,18,23,27,17,3,13,-46,Neutral,Kenya
01/02/2018,3,-18,12,14,12,20,11,-2,2,-35,Neutral,Kenya
01/03/2018,9,-19,20,20,23,26,19,3,11,-40,Neutral,Kenya
01/04/2018,7,-20,18,24,21,22,12,-5,11,-35,Neutral,Kenya
01/05/2018,12,-16,23,25,24,29,26,10,13,-41,Neutral,Kenya
01/06/2018,11,-18,23,24,24,27,23,5,18,-41,Neutral,Kenya
01/07/2018,4,-19,13,12,20,18,14,-1,2,-38,Neutral,Kenya
01/08/2018,7,-17,16,14,16,25,17,5,10,-40,Neutral,Kenya
01/09/2018,-3,-28,7,4,7,19,7,-8,-2,-47,Negative,Kenya
01/10/2018,10,-18,21,18,19,25,23,10,18,-46,Neutral,Kenya
01/11/2018,2,-22,11,16,14,21,15,-3,-12,-41,Neutral,Kenya
01/12/2018,9,-16,20,24,26,30,16,5,3,-38,Neutral,Kenya
01/01/2019,14,-14,24,29,28,33,23,9,9,-37,Neutral,Kenya
01/02/2019,11,-20,23,27,28,28,25,4,9,-44,Neutral,Kenya
01/03/2019,7,-17,17,17,20,22,19,5,8,-40,Neutral,Kenya
01/04/2019,11,-20,23,19,30,31,24,7,11,-48,Neutral,Kenya
01/05/2019,13,-18,25,22,28,31,27,12,16,-48,Neutral,Kenya
01/06/2019,12,-15,23,22,25,30,24,11,11,-41,Neutral,Kenya
01/07/2019,12,-19,24,27,28,33,24,6,9,-44,Neutral,Kenya
01/08/2019,5,-23,16,18,15,19,18,-1,10,-46,Neutral,Kenya
01/09/2019,9,-21,20,22,23,27,22,1,8,-43,Neutral,Kenya
01/10/2019,8,-18,18,19,23,23,16,4,12,-41,Neutral,Kenya
01/11/2019,4,-26,17,26,20,22,20,-4,-5,-47,Neutral,Kenya
01/12/2019,6,-17,15,9,11,25,23,3,5,-37,Neutral,Kenya
01/01/2020,5,-23,16,17,20,23,18,-1,1,-44,Neutral,Kenya
01/02/2020,6,-26,18,18,17,23,23,-2,10,-51,Neutral,Kenya
01/03/2020,-32,-51,-24,-39,-39,-24,-8,-33,-10,-69,Negative,Kenya
01/04/2020,-33,-56,-23,-32,-34,-20,-8,-41,-23,-72,Negative,Kenya
01/05/2020,-28,-49,-19,-28,-25,-16,-12,-29,-15,-70,Negative,Kenya
01/06/2020,-27,-51,-17,-22,-22,-17,-5,-31,-19,-71,Negative,Kenya
01/07/2020,-20,-43,-11,-22,-19,-8,1,-21,-9,-64,Negative,Kenya
01/08/2020,-16,-47,-3,-4,-1,-1,2,-24,-12,-69,Negative,Kenya
01/09/2020,-9,-39,3,1,4,14,3,-18,-8,-60,Negative,Kenya
01/10/2020,-8,-39,5,4,8,8,5,-17,1,-61,Negative,Kenya
01/11/2020,-7,-36,4,3,2,8,6,-11,1,-61,Negative,Kenya
01/12/2020,-1,-32,12,11,14,18,18,0,-2,-63,Negative,Kenya
01/01/2021,-5,-32,6,13,10,13,5,-10,-11,-53,Negative,Kenya
01/02/2021,2,-30,15,15,15,24,14,-1,9,-60,Neutral,Kenya
01/03/2021,-7,-43,7,4,7,16,10,-17,-4,-69,Negative,Kenya
01/04/2021,-7,-44,8,9,9,15,8,-15,-1,-74,Negative,Kenya
01/05/2021,2,-41,19,25,23,30,18,-12,-3,-71,Neutral,Kenya
01/06/2021,2,-33,16,20,17,25,15,-1,4,-64,Neutral,Kenya
01/07/2021,-2,-39,13,13,12,18,15,-14,8,-65,Negative,Kenya
01/08/2021,3,-38,20,21,22,29,25,-6,3,-69,Neutral,Kenya
01/09/2021,6,-31,20,22,24,30,23,1,3,-63,Neutral,Kenya
01/10/2021,17,-21,33,37,40,46,29,11,12,-54,Positive,Kenya
01/11/2021,19,-20,35,39,41,48,37,10,11,-50,Positive,Kenya
01/12/2021,19,-27,38,40,42,52,37,10,17,-64,Positive,Kenya
01/01/2022,14,-29,31,34,34,50,31,3,8,-61,Neutral,Kenya
01/02/2022,2,-32,15,-34,31,40,30,-5,9,-58,Neutral,Kenya
01/03/2022,3,-38,20,17,20,32,25,-14,6,-63,Neutral,Kenya
01/04/2022,-1,-38,14,12,9,26,23,-16,0,-59,Negative,Kenya
01/05/2022,3,-38,20,18,21,32,23,-11,4,-64,Neutral,Kenya
01/06/2022,-9,-46,5,3,2,13,10,-17,-1,-74,Negative,Kenya
01/07/2022,-1,-49,18,21,21,34,20,-25,-6,-73,Negative,Kenya
01/08/2022,6,-41,25,30,30,37,24,-9,3,-73,Neutral,Kenya
01/09/2022,9,-37,28,36,36,42,20,-7,5,-68,Neutral,Kenya
01/10/2022,7,-33,23,25,27,37,23,-3,6,-63,Neutral,Kenya
01/11/2022,6,-37,23,31,24,30,21,-8,7,-66,Neutral,Kenya
01/12/2022,9,-37,28,32,35,41,27,-7,4,-67,Neutral,Kenya
01/01/2023,7,-35,24,25,27,35,24,-9,7,-60,Neutral,Kenya
01/02/2023,1,-36,15,16,16,24,20,-11,1,-62,Neutral,Kenya
01/03/2023,-5,-45,11,11,13,20,14,-22,-6,-68,Negative,Kenya
01/04/2023,2,-44,20,24,23,31,26,-20,-2,-68,Neutral,Kenya
01/05/2023,-10,-48,5,3,5,12,12,-28,-5,-69,Negative,Kenya
01/06/2023,-13,-50,2,-10,-5,7,21,-24,-2,-76,Negative,Kenya
01/07/2023,-7,-48,10,5,7,17,18,-24,2,-72,Negative,Kenya
01/08/2023,-2,-47,16,16,17,24,29,-22,-5,-71,Negative,Kenya
01/09/2023,-7,-49,9,3,9,15,25,-28,-7,-69,Negative,Kenya
01/10/2023,-5,-52,14,8,11,24,28,-28,0,-76,Negative,Kenya
01/08/2021,-45,-37,-49,-49,-47,-46,-47,-41,-54,-33,Negative,Morocco
01/09/2021,39,12,50,60,62,62,35,28,29,-4,Positive,Morocco
01/10/2021,18,-26,36,49,50,53,73,-31,-47,-22,Positive,Morocco
01/11/2021,43,10,56,73,70,71,63,17,1,3,Positive,Morocco
01/12/2021,19,-6,29,35,36,33,75,0,-33,-13,Positive,Morocco
01/01/2022,11,-10,20,22,18,29,65,0,-35,-19,Neutral,Morocco
01/02/2022,2,-32,15,-12,23,25,72,-22,-31,-41,Neutral,Morocco
01/03/2022,8,-15,17,22,20,27,50,-2,-35,-28,Neutral,Morocco
01/04/2022,-43,-69,-33,-73,-31,-75,95,-70,-83,-67,Negative,Morocco
01/05/2022,35,-25,59,93,93,93,68,-27,-54,-23,Positive,Morocco
01/06/2022,41,-22,67,96,96,95,86,-19,-40,-25,Positive,Morocco
01/07/2022,32,-27,55,93,94,94,50,-10,-54,-43,Positive,Morocco
01/08/2022,36,-29,62,96,96,96,68,-4,-48,-54,Positive,Morocco
01/09/2022,38,-31,65,99,99,98,68,12,-40,-73,Positive,Morocco
01/10/2022,43,-19,67,84,85,84,75,16,10,-54,Positive,Morocco
01/11/2022,18,-23,35,48,52,47,49,-2,-20,-45,Positive,Morocco
01/12/2022,9,1,12,9,10,14,17,11,9,-10,Neutral,Morocco
01/01/2023,9,11,9,32,31,2,2,23,-24,-2,Neutral,Morocco
01/02/2023,16,24,13,20,21,21,18,29,-14,19,Positive,Morocco
01/03/2023,-7,-8,-7,-3,-7,-5,-5,-9,-15,-6,Negative,Morocco
01/04/2023,11,5,14,17,16,8,13,14,15,-4,Neutral,Morocco
01/05/2023,33,16,40,40,41,38,38,52,43,-20,Positive,Morocco
01/06/2023,4,6,3,5,11,9,3,15,-12,-3,Neutral,Morocco
01/07/2023,-37,-57,-29,-59,-48,-61,90,-38,-67,-76,Negative,Morocco
01/08/2023,0,-2,1,4,1,1,1,-3,-3,-1,Neutral,Morocco
01/09/2023,0,0,0,0,0,0,0,0,-1,0,Neutral,Morocco
01/10/2023,26,1,36,62,62,57,1,2,0,0,Positive,Morocco
01/03/2022,12,-20,24,30,25,31,18,19,18,-59,Neutral,Mozambique
01/04/2022,28,-6,41,55,54,50,18,27,29,-38,Positive,Mozambique
01/05/2022,35,6,47,60,66,56,8,7,44,6,Positive,Mozambique
01/06/2022,23,-5,34,42,43,48,14,20,23,-31,Positive,Mozambique
01/07/2022,12,-31,29,48,53,60,12,10,-30,-72,Neutral,Mozambique
01/08/2022,14,-40,36,77,77,78,-3,-5,-51,-75,Neutral,Mozambique
01/09/2022,10,-43,32,56,48,72,-3,1,-14,-88,Neutral,Mozambique
01/10/2022,29,-22,50,63,55,72,8,17,52,-60,Positive,Mozambique
01/11/2022,22,-37,46,59,41,68,5,7,56,-82,Positive,Mozambique
01/12/2022,25,-27,46,54,54,51,18,17,51,-71,Positive,Mozambique
01/01/2023,23,-35,46,56,52,58,14,9,51,-80,Positive,Mozambique
01/02/2023,22,-26,41,50,42,56,13,14,43,-65,Positive,Mozambique
01/03/2023,34,-35,61,73,50,80,24,17,78,-88,Positive,Mozambique
01/04/2023,61,-14,91,93,94,94,87,65,86,-94,Positive,Mozambique
01/05/2023,64,-5,92,97,94,95,84,81,91,-92,Positive,Mozambique
01/06/2023,70,1,98,100,99,98,97,98,96,-95,Positive,Mozambique
01/07/2023,48,33,54,56,67,33,57,63,58,3,Positive,Mozambique
01/08/2023,63,-6,90,92,90,96,84,80,89,-92,Positive,Mozambique
01/09/2023,65,-2,92,93,94,92,90,88,92,-93,Positive,Mozambique
01/10/2023,27,-4,39,33,51,33,23,27,57,-36,Positive,Mozambique
01/02/2022,-21,-50,-9,-17,-5,-1,15,-48,-38,-52,Negative,Namibia
01/03/2022,-2,-25,8,3,5,9,13,15,10,-65,Negative,Namibia
01/04/2022,10,-15,21,13,19,53,7,18,11,-48,Neutral,Namibia
01/05/2022,5,-24,16,14,15,29,11,10,12,-57,Neutral,Namibia
01/06/2022,-1,-22,7,5,3,10,7,6,8,-50,Negative,Namibia
01/07/2022,-4,-9,-2,-13,-5,-1,0,7,8,-25,Negative,Namibia
01/08/2022,-5,-1,-7,-4,-3,-6,-22,3,2,-5,Negative,Namibia
01/09/2022,-32,-30,-32,-33,-24,-33,-40,-21,-32,-38,Negative,Namibia
01/10/2022,22,-2,31,44,41,40,12,17,19,-22,Positive,Namibia
01/11/2022,16,-6,25,28,28,25,24,12,20,-24,Positive,Namibia
01/12/2022,16,1,22,22,24,24,13,20,28,-18,Positive,Namibia
01/01/2023,17,-5,25,26,31,30,18,22,22,-32,Positive,Namibia
01/02/2023,14,-2,20,24,26,21,9,9,18,-12,Neutral,Namibia
01/03/2023,5,-14,13,13,14,1,17,9,19,-37,Neutral,Namibia
01/04/2023,41,-3,59,77,72,62,75,5,10,-11,Positive,Namibia
01/05/2023,53,14,68,84,90,83,51,26,34,2,Positive,Namibia
01/06/2023,76,50,86,88,89,86,87,93,81,8,Positive,Namibia
01/07/2023,40,21,48,49,47,45,52,41,49,1,Positive,Namibia
01/08/2023,23,-5,34,40,36,33,31,30,33,-40,Positive,Namibia
01/09/2023,38,14,48,52,56,37,49,48,44,-21,Positive,Namibia
01/10/2023,30,1,42,43,39,33,41,48,51,-46,Positive,Namibia
01/06/2016,17,-42,41,59,59,65,25,-20,-5,-65,Positive,Nigeria
01/07/2016,21,-38,44,59,63,69,35,-13,-4,-63,Positive,Nigeria
01/08/2016,26,-25,46,63,62,64,26,-2,17,-48,Positive,Nigeria
01/09/2016,10,-39,30,43,43,46,10,-20,6,-59,Neutral,Nigeria
01/10/2016,8,-35,26,35,35,42,12,-14,4,-57,Neutral,Nigeria
01/11/2016,9,-27,24,36,38,42,12,-13,-8,-42,Neutral,Nigeria
01/12/2016,18,-30,37,52,58,63,18,-4,-6,-55,Positive,Nigeria
01/01/2017,13,-22,27,37,40,43,8,6,5,-50,Neutral,Nigeria
01/02/2017,14,-33,33,52,55,55,12,-5,-9,-62,Neutral,Nigeria
01/03/2017,9,-40,29,42,45,45,2,-12,11,-67,Neutral,Nigeria
01/04/2017,19,-32,39,57,53,53,15,0,19,-65,Positive,Nigeria
01/05/2017,15,-46,40,56,62,62,13,-12,5,-79,Neutral,Nigeria
01/06/2017,15,-34,35,49,49,54,16,-3,7,-65,Neutral,Nigeria
01/07/2017,25,-33,49,61,65,70,25,4,23,-70,Positive,Nigeria
01/08/2017,26,-31,48,63,61,68,23,8,27,-70,Positive,Nigeria
01/09/2017,23,-27,42,58,52,60,17,11,23,-64,Positive,Nigeria
01/10/2017,22,-34,44,58,59,65,18,4,22,-72,Positive,Nigeria
01/11/2017,29,-27,52,69,68,71,25,4,26,-57,Positive,Nigeria
01/12/2017,21,-35,43,53,62,67,17,3,17,-73,Positive,Nigeria
01/01/2018,24,-31,46,61,59,66,19,7,28,-69,Positive,Nigeria
01/02/2018,21,-31,43,59,48,68,13,3,25,-66,Positive,Nigeria
01/03/2018,25,-25,45,57,53,57,27,10,29,-61,Positive,Nigeria
01/04/2018,20,-35,41,51,50,60,16,1,30,-71,Positive,Nigeria
01/05/2018,28,-19,46,63,55,59,24,13,31,-51,Positive,Nigeria
01/06/2018,24,-8,37,46,43,51,20,9,24,-26,Positive,Nigeria
01/07/2018,20,-12,33,42,33,48,21,7,20,-32,Positive,Nigeria
01/08/2018,18,-14,31,42,35,46,16,12,14,-40,Positive,Nigeria
01/09/2018,28,-9,43,52,45,59,23,20,33,-38,Positive,Nigeria
01/10/2018,25,-13,40,48,42,54,26,18,32,-44,Positive,Nigeria
01/11/2018,20,-28,40,49,38,59,16,4,38,-61,Positive,Nigeria
01/12/2018,22,-25,40,49,44,56,23,9,30,-59,Positive,Nigeria
01/01/2019,20,-16,34,38,38,46,21,10,27,-42,Positive,Nigeria
01/02/2019,24,-28,44,55,43,62,21,6,40,-62,Positive,Nigeria
01/03/2019,21,-23,39,53,42,52,20,11,29,-57,Positive,Nigeria
01/04/2019,24,-26,44,53,44,59,24,11,38,-62,Positive,Nigeria
01/05/2019,28,-22,48,58,50,63,24,12,43,-57,Positive,Nigeria
01/06/2019,29,-25,51,60,54,66,27,12,46,-62,Positive,Nigeria
01/07/2019,23,-27,43,49,42,57,23,8,44,-62,Positive,Nigeria
01/08/2019,24,-27,44,52,43,59,24,11,44,-64,Positive,Nigeria
01/09/2019,17,-17,31,36,33,40,20,8,26,-42,Positive,Nigeria
01/10/2019,24,-26,44,56,42,61,16,10,45,-62,Positive,Nigeria
01/11/2019,24,-24,44,53,39,59,21,15,47,-64,Positive,Nigeria
01/12/2019,23,-20,40,44,39,52,22,17,41,-56,Positive,Nigeria
01/01/2020,22,-20,39,50,32,52,19,13,42,-53,Positive,Nigeria
01/02/2020,24,-15,40,50,32,48,22,16,45,-46,Positive,Nigeria
01/03/2020,21,-22,38,45,36,53,24,10,34,-53,Positive,Nigeria
01/04/2020,-27,-51,-17,-10,-15,-7,-33,-31,-21,-70,Negative,Nigeria
01/05/2020,6,-33,22,31,33,37,5,-7,3,-59,Neutral,Nigeria
01/06/2020,9,-33,25,28,24,31,15,0,29,-67,Neutral,Nigeria
01/07/2020,16,-34,36,42,36,53,7,1,43,-69,Positive,Nigeria
01/08/2020,17,-29,35,44,37,46,15,6,31,-63,Positive,Nigeria
01/09/2020,15,-26,31,35,26,41,14,8,39,-60,Neutral,Nigeria
01/10/2020,22,-31,43,44,41,49,32,9,49,-71,Positive,Nigeria
01/11/2020,17,-31,36,38,39,43,23,12,39,-74,Positive,Nigeria
01/12/2020,21,-30,41,45,40,46,31,18,43,-78,Positive,Nigeria
01/01/2021,27,-27,48,52,50,55,30,18,55,-72,Positive,Nigeria
01/02/2021,27,-23,46,49,53,50,34,29,45,-74,Positive,Nigeria
01/03/2021,18,-30,37,45,36,44,24,15,36,-74,Positive,Nigeria
01/04/2021,13,-26,28,33,28,38,11,18,29,-69,Neutral,Nigeria
01/05/2021,13,-27,29,35,29,35,10,12,35,-66,Neutral,Nigeria
01/06/2021,13,-22,27,32,27,32,13,8,29,-52,Neutral,Nigeria
01/07/2021,23,-22,40,48,42,49,23,28,40,-72,Positive,Nigeria
01/08/2021,33,-20,54,60,55,65,42,36,47,-77,Positive,Nigeria
01/09/2021,28,-28,50,56,50,66,29,20,48,-76,Positive,Nigeria
01/10/2021,33,-21,55,59,59,64,36,40,55,-82,Positive,Nigeria
01/11/2021,36,-21,59,63,63,66,49,40,55,-83,Positive,Nigeria
01/12/2021,41,-14,64,71,71,74,52,49,50,-76,Positive,Nigeria
01/01/2022,30,-20,50,56,57,64,31,30,40,-71,Positive,Nigeria
01/02/2022,12,-22,26,-47,46,58,28,24,42,-67,Neutral,Nigeria
01/03/2022,27,-24,47,53,52,59,29,22,44,-70,Positive,Nigeria
01/04/2022,26,-17,44,46,50,50,27,25,45,-60,Positive,Nigeria
01/05/2022,27,-25,47,51,51,61,27,25,47,-75,Positive,Nigeria
01/06/2022,25,-22,44,49,46,55,28,20,43,-65,Positive,Nigeria
01/07/2022,23,-20,40,49,47,50,16,19,38,-59,Positive,Nigeria
01/08/2022,22,-24,40,47,48,55,9,22,41,-71,Positive,Nigeria
01/09/2022,27,-25,48,55,57,64,18,21,44,-71,Positive,Nigeria
01/10/2022,31,-18,50,58,55,63,29,31,46,-66,Positive,Nigeria
01/11/2022,38,-17,60,64,67,67,48,39,53,-74,Positive,Nigeria
01/12/2022,25,-28,46,52,55,57,18,12,46,-68,Positive,Nigeria
01/01/2023,21,-26,40,46,52,54,10,13,37,-64,Positive,Nigeria
01/02/2023,10,-37,28,37,38,45,-12,-11,33,-63,Neutral,Nigeria
01/03/2023,10,-42,31,38,44,38,-3,-18,39,-67,Neutral,Nigeria
01/04/2023,14,-41,36,47,44,45,1,-12,44,-70,Neutral,Nigeria
01/05/2023,6,-35,22,31,34,31,-8,-16,24,-54,Neutral,Nigeria
01/06/2023,11,-21,24,30,33,33,-3,0,26,-42,Neutral,Nigeria
01/07/2023,8,-41,28,39,40,39,-10,-15,32,-67,Neutral,Nigeria
01/08/2023,19,-22,35,50,47,48,-1,-2,32,-43,Positive,Nigeria
01/09/2023,13,-35,32,41,47,47,0,-9,24,-60,Neutral,Nigeria
01/10/2023,22,-36,45,61,57,61,17,-11,28,-61,Positive,Nigeria
01/05/2021,-18,-57,-2,-1,7,18,26,-56,-63,-57,Negative,Senegal
01/06/2021,-15,-55,1,-6,1,23,38,-43,-53,-68,Negative,Senegal
01/07/2021,-14,-46,-1,-11,-3,23,39,-23,-51,-70,Negative,Senegal
01/08/2021,1,-42,19,4,18,43,49,-1,-19,-83,Neutral,Senegal
01/09/2021,1,-37,16,0,10,34,48,5,-12,-79,Neutral,Senegal
01/10/2021,2,-37,17,8,13,42,44,-9,-24,-64,Neutral,Senegal
01/11/2021,10,-22,22,9,18,55,53,2,-24,-46,Neutral,Senegal
01/12/2021,7,-24,19,9,16,44,47,6,-22,-54,Neutral,Senegal
01/01/2022,-6,-40,7,-3,1,35,36,-16,-33,-65,Negative,Senegal
01/02/2022,-3,-31,8,-12,13,33,30,-14,-23,-49,Negative,Senegal
01/03/2022,-1,-50,18,15,17,39,65,-26,-45,-73,Negative,Senegal
01/04/2022,6,-22,17,16,13,23,41,19,-6,-63,Neutral,Senegal
01/05/2022,6,-17,15,13,5,24,51,18,-16,-52,Neutral,Senegal
01/06/2022,-5,-41,9,3,1,21,45,-29,-26,-54,Negative,Senegal
01/07/2022,-11,-40,0,-4,0,9,30,-24,-34,-56,Negative,Senegal
01/08/2022,-4,-29,6,-5,2,16,41,-17,-26,-42,Negative,Senegal
01/09/2022,-13,-41,-1,-11,-9,10,45,-22,-40,-60,Negative,Senegal
01/10/2022,-8,-44,6,-2,1,20,50,-35,-39,-52,Negative,Senegal
01/11/2022,-9,-48,6,6,8,20,41,-33,-42,-63,Negative,Senegal
01/12/2022,-4,-50,14,14,18,26,45,-31,-33,-70,Negative,Senegal
01/01/2023,-6,-42,9,5,11,23,41,-28,-35,-57,Negative,Senegal
01/03/2023,-9,-47,6,-1,3,24,44,-30,-41,-64,Negative,Senegal
01/04/2023,-4,-42,11,4,7,32,49,-19,-36,-66,Negative,Senegal
01/05/2023,-29,-55,-19,-48,-35,6,36,-32,-52,-79,Negative,Senegal
01/06/2023,-12,-46,1,-12,-2,24,39,-24,-42,-69,Negative,Senegal
01/07/2023,-12,-46,1,-16,3,18,43,-24,-44,-68,Negative,Senegal
01/08/2023,-1,-27,10,4,8,17,49,-8,-29,-47,Negative,Senegal
01/09/2023,-3,-29,7,0,7,20,41,-10,-30,-49,Negative,Senegal
01/10/2023,1,-21,10,-5,6,28,54,7,-32,-49,Neutral,Senegal
01/07/2016,14,-43,37,52,56,59,12,-18,7,-67,Neutral,South Africa
01/08/2016,12,-36,31,46,44,47,6,1,11,-74,Neutral,South Africa
01/09/2016,14,-37,34,53,56,50,12,2,-1,-75,Neutral,South Africa
01/10/2016,1,-30,14,26,28,30,-3,-3,-10,-58,Neutral,South Africa
01/11/2016,7,-28,22,40,31,32,9,3,-2,-60,Neutral,South Africa
01/12/2016,4,-32,18,39,39,36,-9,-6,-13,-58,Neutral,South Africa
01/01/2017,22,-12,35,67,70,70,8,5,-38,-29,Positive,South Africa
01/02/2017,17,-32,36,84,86,86,3,-4,-77,-60,Positive,South Africa
01/03/2017,-14,-30,-8,8,9,13,-13,-9,-56,-51,Negative,South Africa
01/04/2017,-8,-16,-4,8,6,8,-10,-6,-33,-27,Negative,South Africa
01/05/2017,-2,-13,2,10,11,9,-6,-10,-16,-15,Negative,South Africa
01/06/2017,-3,-11,0,6,9,6,-11,-7,-12,-14,Negative,South Africa
01/07/2017,-5,-18,0,10,8,8,-14,-16,-13,-20,Negative,South Africa
01/08/2017,-21,-38,-14,-12,-11,-11,-12,-19,-22,-58,Negative,South Africa
01/09/2017,-18,-36,-10,-5,-7,-7,-14,-14,-17,-58,Negative,South Africa
01/10/2017,-9,-24,-3,3,3,4,-14,-9,-12,-40,Negative,South Africa
01/11/2017,-14,-22,-11,-9,-8,-8,-16,-16,-13,-28,Negative,South Africa
01/12/2017,-5,-15,-1,4,4,6,-14,-13,-7,-16,Negative,South Africa
01/01/2018,1,-10,6,13,14,12,-7,-5,-1,-16,Neutral,South Africa
01/02/2018,4,-6,8,14,13,11,-3,-2,3,-11,Neutral,South Africa
01/03/2018,2,-7,6,11,13,10,-6,-3,3,-11,Neutral,South Africa
01/04/2018,-3,-12,1,5,4,6,-12,-9,0,-14,Negative,South Africa
01/05/2018,-2,-11,2,8,6,5,-9,-8,-2,-14,Negative,South Africa
01/06/2018,1,-6,4,6,7,10,-4,-3,2,-9,Neutral,South Africa
01/07/2018,-2,-4,-1,-1,-1,2,0,-3,-3,-5,Negative,South Africa
01/08/2018,-1,-10,2,6,7,9,-8,-7,-2,-13,Negative,South Africa
01/09/2018,2,-6,5,7,7,11,-4,-3,3,-10,Neutral,South Africa
01/10/2018,0,-7,4,10,8,8,-6,-6,-2,-8,Neutral,South Africa
01/11/2018,-2,-12,2,7,5,8,-7,-9,-5,-15,Negative,South Africa
01/12/2018,-1,-10,3,8,7,9,-11,-7,0,-14,Negative,South Africa
01/01/2019,-2,-14,2,8,7,10,-11,-11,-4,-16,Negative,South Africa
01/02/2019,-1,-9,3,8,5,9,-8,-5,1,-12,Negative,South Africa
01/03/2019,-3,-11,0,4,4,4,-12,-9,-1,-13,Negative,South Africa
01/04/2019,-2,-12,2,7,7,7,-10,-9,-1,-15,Negative,South Africa
01/05/2019,0,-8,3,6,5,7,-6,-5,1,-11,Neutral,South Africa
01/06/2019,-2,-12,2,8,7,7,-11,-9,-1,-16,Negative,South Africa
01/07/2019,0,-8,3,8,6,7,-7,-5,0,-11,Neutral,South Africa
01/08/2019,-3,-13,2,8,5,8,-10,-8,-4,-18,Negative,South Africa
01/09/2019,0,-8,3,7,8,7,-9,-6,1,-10,Neutral,South Africa
01/10/2019,0,-6,2,6,6,5,-10,-6,2,-7,Neutral,South Africa
01/11/2019,-7,-17,-3,5,4,4,-20,-15,-9,-20,Negative,South Africa
01/12/2019,-4,-14,0,7,7,6,-14,-12,-5,-16,Negative,South Africa
01/01/2020,-3,-10,0,5,6,5,-10,-7,-4,-12,Negative,South Africa
01/02/2020,-5,-15,-1,5,4,6,-13,-13,-5,-18,Negative,South Africa
01/03/2020,-79,-88,-75,-73,-74,-70,-79,-85,-81,-90,Negative,South Africa
01/04/2020,-84,-96,-79,-70,-73,-72,-85,-95,-94,-97,Negative,South Africa
01/05/2020,-80,-93,-75,-64,-67,-71,-81,-92,-92,-95,Negative,South Africa
01/06/2020,-65,-89,-55,-41,-44,-46,-65,-84,-79,-94,Negative,South Africa
01/07/2020,-56,-78,-47,-35,-40,-41,-52,-63,-65,-93,Negative,South Africa
01/08/2020,-34,-60,-23,-10,-14,-16,-33,-42,-43,-79,Negative,South Africa
01/09/2020,-23,-49,-12,-6,-7,-7,-19,-19,-21,-79,Negative,South Africa
01/10/2020,-21,-45,-11,-4,-6,-6,-16,-23,-22,-68,Negative,South Africa
01/11/2020,-13,-40,-3,1,0,-3,-5,-6,-6,-75,Negative,South Africa
01/12/2020,-20,-49,-8,-3,-5,-7,-11,-13,-14,-84,Negative,South Africa
01/01/2021,-18,-40,-9,-4,-5,-6,-14,-14,-17,-67,Negative,South Africa
01/02/2021,-16,-39,-6,-2,-2,-4,-10,-13,-14,-65,Negative,South Africa
01/03/2021,-7,-21,-2,0,1,1,-5,-7,-7,-36,Negative,South Africa
01/04/2021,-9,-8,-10,-6,-8,-8,-12,-7,-14,-8,Negative,South Africa
01/05/2021,-6,-20,-1,-13,-8,14,5,1,-1,-41,Negative,South Africa
01/06/2021,10,-20,22,-16,0,54,50,19,23,-59,Neutral,South Africa
01/07/2021,-7,-40,6,-14,3,28,20,-12,-5,-69,Negative,South Africa
01/08/2021,3,-25,14,-8,0,45,35,5,-4,-55,Neutral,South Africa
01/09/2021,4,-21,14,3,6,40,29,-1,-10,-41,Neutral,South Africa
01/10/2021,1,-27,13,5,7,37,23,-4,-8,-51,Neutral,South Africa
01/11/2021,-5,-25,4,-5,-6,21,21,-10,-13,-41,Negative,South Africa
01/12/2021,2,-37,17,6,7,42,37,-3,-7,-71,Neutral,South Africa
01/01/2022,-5,-31,5,-42,-15,3,67,19,14,-82,Negative,South Africa
01/02/2022,-16,-35,-8,-72,10,9,1,11,13,-81,Negative,South Africa
01/03/2022,4,-8,8,15,-14,3,32,10,6,-26,Neutral,South Africa
01/04/2022,-14,-30,-8,-6,-5,-8,-12,-7,-9,-53,Negative,South Africa
01/05/2022,-23,-43,-15,-27,-9,-13,-21,-5,-7,-81,Negative,South Africa
01/06/2022,-35,-52,-28,-24,-34,-34,-17,-30,-29,-74,Negative,South Africa
01/07/2022,-47,-59,-43,-40,-44,-44,-25,-25,-60,-93,Negative,South Africa
01/08/2022,-87,-90,-85,-84,-84,-87,-84,-90,-89,-91,Negative,South Africa
01/09/2022,-28,-79,-7,2,1,1,-7,-78,-33,-80,Negative,South Africa
01/10/2022,-6,-5,-7,-7,-1,-7,-12,0,-7,-9,Negative,South Africa
01/11/2022,-1,-4,0,1,-3,-9,7,6,3,-14,Negative,South Africa
01/12/2022,18,7,23,27,29,25,-1,29,33,-16,Positive,South Africa
01/01/2023,32,18,37,45,47,33,16,35,44,1,Positive,South Africa
01/02/2023,-10,-8,-10,-8,-9,-10,-18,-15,-7,-2,Negative,South Africa
01/03/2023,13,-5,20,28,26,26,18,17,4,-27,Neutral,South Africa
01/04/2023,23,-4,34,36,30,34,42,40,30,-48,Positive,South Africa
01/05/2023,1,12,-3,7,-3,-11,-6,24,-2,0,Neutral,South Africa
01/06/2023,-2,2,-4,2,-2,-13,-2,18,-5,-13,Negative,South Africa
01/07/2023,-1,11,-6,-3,-6,-32,-2,30,11,-8,Negative,South Africa
01/08/2023,21,3,29,25,33,29,29,34,28,-28,Positive,South Africa
01/09/2023,28,21,31,33,35,16,34,51,37,-9,Positive,South Africa
01/10/2023,24,15,28,27,25,21,32,45,34,-15,Positive,South Africa
01/01/2017,4,-26,16,18,23,26,30,-16,-17,-37,Neutral,Tanzania
01/02/2017,-6,-34,6,13,12,18,9,-21,-25,-47,Negative,Tanzania
01/03/2017,-15,-44,-3,5,6,3,-5,-16,-25,-72,Negative,Tanzania
01/04/2017,0,-33,13,20,19,26,10,0,-9,-67,Neutral,Tanzania
01/05/2017,-5,-37,7,5,10,15,5,-15,1,-60,Negative,Tanzania
01/06/2017,0,-24,10,0,4,14,15,-4,18,-44,Neutral,Tanzania
01/07/2017,1,-15,8,0,7,11,18,3,2,-32,Neutral,Tanzania
01/08/2017,7,-27,21,12,13,21,25,-3,32,-51,Neutral,Tanzania
01/09/2017,-9,-33,1,1,1,12,9,-5,-19,-60,Negative,Tanzania
01/10/2017,-10,-39,2,9,10,6,4,-18,-20,-60,Negative,Tanzania
01/11/2017,-5,-33,6,6,5,11,6,-9,2,-57,Negative,Tanzania
01/12/2017,-15,-30,-9,-12,-13,-3,-3,-12,-15,-48,Negative,Tanzania
01/01/2018,-13,-43,-1,-3,-4,2,11,-14,-9,-72,Negative,Tanzania
01/02/2018,-1,-26,8,7,9,12,9,-5,5,-47,Negative,Tanzania
01/03/2018,-8,-33,1,3,-1,1,-5,-8,9,-58,Negative,Tanzania
01/04/2018,-5,-31,6,4,3,7,2,0,12,-63,Negative,Tanzania
01/05/2018,-11,-42,2,-2,-2,3,-7,-4,18,-81,Negative,Tanzania
01/06/2018,-9,-28,-1,-5,-4,-1,16,-4,-13,-52,Negative,Tanzania
01/07/2018,-9,-38,3,-6,-1,10,24,0,-12,-75,Negative,Tanzania
01/08/2018,-2,-18,4,7,-5,6,10,2,4,-37,Negative,Tanzania
01/09/2018,11,-4,17,11,12,18,34,23,9,-32,Neutral,Tanzania
01/10/2018,-8,-28,1,-5,-5,-4,19,2,-1,-58,Negative,Tanzania
01/11/2018,-15,-40,-4,-3,-4,-9,-9,-3,3,-77,Negative,Tanzania
01/12/2018,-6,-30,4,1,-2,3,9,-6,7,-53,Negative,Tanzania
01/01/2019,-10,-27,-3,-2,-2,3,21,3,-35,-57,Negative,Tanzania
01/02/2019,-1,-20,7,3,2,3,30,12,-4,-52,Negative,Tanzania
01/03/2019,-10,-24,-5,-5,-7,-8,-7,-5,4,-42,Negative,Tanzania
01/04/2019,-5,-29,5,0,2,2,12,4,8,-62,Negative,Tanzania
01/05/2019,4,-4,8,4,11,7,19,20,-2,-28,Neutral,Tanzania
01/06/2019,8,1,10,7,13,8,8,12,16,-10,Neutral,Tanzania
01/07/2019,-4,-25,5,2,6,9,21,6,-13,-56,Negative,Tanzania
01/08/2019,3,-16,11,6,7,10,20,13,11,-46,Neutral,Tanzania
01/09/2019,2,-17,9,7,8,11,15,7,5,-41,Neutral,Tanzania
01/10/2019,-16,-37,-8,-9,-9,-8,-13,-9,1,-66,Negative,Tanzania
01/11/2019,41,-12,62,89,89,87,38,45,6,-68,Positive,Tanzania
01/12/2019,14,4,18,18,21,20,22,26,12,-18,Neutral,Tanzania
01/01/2020,8,2,11,21,17,7,2,18,7,-14,Neutral,Tanzania
01/02/2020,9,3,11,9,13,14,-4,13,22,-8,Neutral,Tanzania
01/03/2020,-17,-13,-18,-24,-29,-23,-11,-7,-4,-19,Negative,Tanzania
01/04/2020,-24,-67,-7,-66,-64,-2,28,-52,70,-81,Negative,Tanzania
01/05/2020,-36,-46,-32,-40,-36,-27,-4,-14,-54,-78,Negative,Tanzania
01/06/2020,15,4,19,28,16,20,14,29,16,-21,Neutral,Tanzania
01/07/2020,-10,-26,-3,-10,-8,-1,4,1,-2,-52,Negative,Tanzania
01/08/2020,13,-14,24,31,28,28,12,3,24,-32,Neutral,Tanzania
01/09/2020,-9,-31,0,6,5,5,5,-2,-20,-60,Negative,Tanzania
01/10/2020,22,-32,44,65,63,62,7,9,20,-72,Positive,Tanzania
01/11/2020,37,-20,60,91,90,90,7,9,20,-49,Positive,Tanzania
01/12/2020,24,-5,35,50,54,45,18,23,9,-33,Positive,Tanzania
01/01/2021,32,6,42,57,60,57,21,19,15,-6,Positive,Tanzania
01/02/2021,5,-15,13,17,16,12,18,14,2,-43,Neutral,Tanzania
01/03/2021,13,4,17,15,22,17,13,38,16,-29,Neutral,Tanzania
01/04/2021,-1,-20,7,7,11,12,24,5,-20,-46,Negative,Tanzania
01/05/2021,6,-21,17,15,20,17,16,13,17,-55,Neutral,Tanzania
01/06/2021,16,-11,26,30,29,29,19,39,22,-60,Positive,Tanzania
01/07/2021,8,-18,18,6,7,27,32,4,20,-41,Neutral,Tanzania
01/08/2021,11,-36,30,30,30,31,30,18,32,-90,Neutral,Tanzania
01/09/2021,17,-25,34,31,30,30,35,31,42,-82,Positive,Tanzania
01/10/2021,8,-38,27,36,39,28,10,-19,20,-56,Neutral,Tanzania
01/11/2021,4,-17,13,10,14,13,15,5,11,-39,Neutral,Tanzania
01/12/2021,17,-6,26,30,27,25,25,27,23,-39,Positive,Tanzania
01/01/2022,16,-37,37,38,53,43,29,-22,23,-52,Positive,Tanzania
01/02/2022,11,-26,25,1,48,46,17,-14,14,-38,Neutral,Tanzania
01/03/2022,23,-13,37,49,46,46,20,9,24,-35,Positive,Tanzania
01/04/2022,7,-18,17,18,24,25,2,-4,16,-33,Neutral,Tanzania
01/05/2022,11,-5,17,16,25,26,11,12,8,-22,Neutral,Tanzania
01/06/2022,25,-17,42,43,50,46,35,15,34,-49,Positive,Tanzania
01/07/2022,22,-3,32,36,33,36,29,23,27,-29,Positive,Tanzania
01/08/2022,9,-8,15,16,18,21,8,8,14,-24,Neutral,Tanzania
01/09/2022,22,-39,47,53,54,52,33,-22,40,-55,Positive,Tanzania
01/10/2022,29,-33,54,62,66,64,23,5,53,-71,Positive,Tanzania
01/11/2022,22,-27,42,52,56,43,31,12,28,-66,Positive,Tanzania
01/12/2022,20,-24,37,45,49,47,17,14,25,-61,Positive,Tanzania
01/01/2023,12,-42,33,42,44,36,4,-17,39,-68,Neutral,Tanzania
01/02/2023,8,-33,25,27,28,27,9,-10,34,-57,Neutral,Tanzania
01/03/2023,24,-38,49,58,57,54,38,-6,35,-69,Positive,Tanzania
01/04/2023,35,-32,62,76,74,71,40,3,49,-67,Positive,Tanzania
01/05/2023,37,-24,62,67,67,67,52,4,57,-53,Positive,Tanzania
01/06/2023,30,-29,53,63,61,57,54,-7,30,-50,Positive,Tanzania
01/07/2023,24,-19,41,48,47,47,21,8,41,-46,Positive,Tanzania
01/08/2023,16,-25,32,38,42,42,6,4,35,-55,Positive,Tanzania
01/09/2023,15,-18,28,29,25,28,11,13,49,-48,Neutral,Tanzania
01/10/2023,17,-22,33,27,30,31,14,26,61,-71,Positive,Tanzania
01/07/2021,-15,-33,-8,-7,-13,4,-6,1,-19,-66,Negative,Tunisia
01/08/2021,-5,-24,3,8,7,5,-1,3,-4,-52,Negative,Tunisia
01/09/2021,1,-7,4,9,9,11,0,-1,-7,-12,Neutral,Tunisia
01/10/2021,1,-14,7,12,9,9,-4,15,11,-42,Neutral,Tunisia
01/11/2021,-5,-4,-6,-2,-5,-12,-5,8,-4,-15,Negative,Tunisia
01/12/2021,-17,-36,-9,-16,-19,-16,35,-24,-29,-49,Negative,Tunisia
01/01/2022,-7,-10,-6,-2,-3,-4,-15,-4,-5,-16,Negative,Tunisia
01/02/2022,-6,-16,-3,-11,-2,-2,-4,-7,6,-24,Negative,Tunisia
01/03/2022,0,-12,4,-1,-6,11,9,8,8,-32,Neutral,Tunisia
01/04/2022,7,21,2,-10,11,-7,20,37,-6,4,Neutral,Tunisia
01/05/2022,14,-4,21,11,35,12,10,20,35,-27,Neutral,Tunisia
01/06/2022,-6,-8,-5,-6,-9,-15,4,-9,-2,-6,Negative,Tunisia
01/07/2022,7,22,1,6,13,-6,-24,15,18,28,Neutral,Tunisia
01/08/2022,19,32,14,27,37,-2,-29,11,39,53,Positive,Tunisia
01/09/2022,-21,-17,-23,-25,-31,-23,-12,-18,-25,-16,Negative,Tunisia
01/10/2022,-17,-10,-20,-28,-23,-23,-22,1,-6,-21,Negative,Tunisia
01/11/2022,-17,-24,-14,-17,-28,-34,12,-4,-2,-43,Negative,Tunisia
01/12/2022,-34,-30,-36,-58,-54,-39,-20,2,-6,-62,Negative,Tunisia
01/01/2023,-39,-30,-42,-45,-54,-51,-44,-6,-18,-54,Negative,Tunisia
01/02/2023,-26,-21,-28,-25,-28,-33,-35,-3,-16,-40,Negative,Tunisia
01/03/2023,-25,-30,-23,-23,-32,-33,-3,-3,-26,-58,Negative,Tunisia
01/04/2023,-41,-41,-41,-33,-47,-59,-20,-7,-48,-75,Negative,Tunisia
01/05/2023,-44,-24,-53,-59,-62,-53,-48,9,-41,-57,Negative,Tunisia
01/06/2023,-42,-28,-47,-56,-55,-49,-45,6,-32,-61,Negative,Tunisia
01/07/2023,5,-11,11,4,-1,-9,56,25,5,-47,Neutral,Tunisia
01/08/2023,-34,-8,-44,-50,-61,-65,-23,15,-22,-30,Negative,Tunisia
01/09/2023,-33,-13,-40,-48,-51,-59,-34,25,-9,-51,Negative,Tunisia
01/10/2023,-30,-17,-35,-45,-57,-50,-8,17,-14,-51,Negative,Tunisia
01/07/2022,-3,-16,2,-1,1,4,12,-16,-9,-16,Negative,Uganda
01/08/2022,-7,-18,-3,6,0,-1,2,-14,-21,-22,Negative,Uganda
01/09/2022,8,-12,16,18,15,16,34,13,-2,-37,Neutral,Uganda
01/10/2022,-11,-28,-4,-11,-16,-5,38,19,-25,-75,Negative,Uganda
01/11/2022,-9,-31,0,-6,-9,-7,25,7,-5,-68,Negative,Uganda
01/12/2022,1,-17,7,0,3,5,38,23,-8,-57,Neutral,Uganda
01/01/2023,9,-5,14,16,10,11,45,30,-10,-41,Neutral,Uganda
01/02/2023,2,-7,6,7,9,0,53,42,-40,-55,Neutral,Uganda
01/03/2023,-8,-19,-4,-8,-3,-1,37,29,-44,-67,Negative,Uganda
01/04/2023,4,-14,12,21,14,5,56,26,-38,-53,Neutral,Uganda
01/05/2023,-8,-29,1,13,14,11,26,17,-60,-75,Negative,Uganda
01/06/2023,-3,-18,4,8,9,8,47,32,-54,-68,Negative,Uganda
01/07/2023,23,19,24,26,29,18,24,43,25,-5,Positive,Uganda
01/08/2023,0,-10,4,-1,2,8,56,48,-45,-68,Neutral,Uganda
01/09/2023,-7,-14,-4,-8,-6,-8,42,40,-42,-69,Negative,Uganda
01/10/2023,16,7,19,15,8,14,76,36,-17,-23,Positive,Uganda
01/02/2022,2,-27,13,-38,46,42,14,20,2,-73,Neutral,Zambia
01/03/2022,-6,-30,4,9,9,11,2,-9,-10,-52,Negative,Zambia
01/04/2022,-30,-49,-23,-8,-15,-15,-22,-40,-53,-58,Negative,Zambia
01/05/2022,15,-21,30,43,47,46,14,-11,0,-31,Neutral,Zambia
01/06/2022,-6,-33,5,12,13,28,6,-9,-32,-57,Negative,Zambia
01/07/2022,7,-20,18,33,34,28,9,-12,-13,-29,Neutral,Zambia
01/08/2022,24,-5,35,41,44,45,24,12,21,-22,Positive,Zambia
01/09/2022,27,-30,50,77,75,75,16,-18,8,-42,Positive,Zambia
01/10/2022,18,-4,26,43,43,43,15,-3,-13,-4,Positive,Zambia
01/11/2022,20,-18,35,37,40,34,34,18,29,-54,Positive,Zambia
01/12/2022,14,-5,21,28,24,23,17,19,15,-29,Neutral,Zambia
01/01/2023,8,-6,13,11,14,23,10,15,7,-26,Neutral,Zambia
01/02/2023,15,0,20,26,19,26,16,30,15,-30,Neutral,Zambia
01/03/2023,9,-14,18,24,25,12,21,8,10,-37,Neutral,Zambia
01/05/2023,41,25,47,46,51,48,45,56,45,-6,Positive,Zambia
01/06/2023,46,29,53,52,57,57,50,60,48,-2,Positive,Zambia
01/07/2023,41,20,49,51,48,48,52,42,47,-1,Positive,Zambia
01/08/2023,28,3,39,41,47,42,36,35,26,-30,Positive,Zambia
01/09/2023,21,8,27,32,35,26,25,30,15,-15,Positive,Zambia
01/10/2023,31,19,36,39,48,28,33,56,30,-18,Positive,Zambia
