Month,ICS -Consumer Sentiment,ICC - Current Conditions,ICE - Future Expectations,Country Economic Conditions,City Economic Conditions,Household Income,Household Budget,Discretionary Spending,Household Spending,Job Prospect,Country 
Jan-22,11,8,12,17,14,6,-2,12,23,4,Algeria
Feb-22,-6,-5,-6,1,-5,-7,-8,10,-13,-19,Algeria
Mar-22,-6,-20,0,27,-15,-9,-17,-25,13,-14,Algeria
Apr-22,24,-7,37,43,17,49,26,28,49,-42,Algeria
May-22,-7,-26,0,-12,8,1,-7,3,10,-54,Algeria
Jun-22,7,-3,11,8,0,-4,29,9,23,-14,Algeria
Jul-22,12,19,9,16,14,-9,-11,42,35,-3,Algeria
Aug-22,12,29,5,14,16,-12,-25,34,33,25,Algeria
Sep-22,4,-13,10,22,19,5,-6,18,11,-44,Algeria
Oct-22,-9,7,-15,-10,-10,-20,-32,-3,-1,17,Algeria
Nov-22,6,-17,15,24,20,2,21,6,8,-39,Algeria
Dec-22,14,29,8,-2,13,5,-8,35,31,23,Algeria
Jan-23,17,44,6,9,12,-4,-8,38,21,49,Algeria
Feb-23,18,26,15,17,20,15,-2,30,24,22,Algeria
Mar-23,3,-6,7,20,6,-28,16,6,20,-17,Algeria
Apr-23,15,-16,28,27,24,26,27,20,37,-52,Algeria
May-23,15,-1,22,25,28,10,29,20,19,-22,Algeria
Jun-23,32,34,31,31,37,16,42,50,31,17,Algeria
Jul-23,21,14,24,17,23,-6,41,49,46,-22,Algeria
Aug-23,27,1,37,40,45,26,33,36,40,-33,Algeria
Sep-23,37,10,48,58,58,23,44,56,58,-36,Algeria
Oct-23,22,12,26,29,26,-3,23,-19,55,43,Algeria
Apr-22,-26,-53,-16,-45,-22,-48,68,-40,-32,-66,Angola
May-22,-35,-69,-21,-46,-54,-46,91,-57,-49,-82,Angola
Jun-22,-35,-63,-23,-53,-45,-58,85,-53,-45,-73,Angola
Jul-22,-27,-56,-15,-44,-42,-28,87,-49,-50,-62,Angola
Aug-22,-10,-44,4,-12,-12,-2,80,-29,-33,-59,Angola
Sep-22,-28,-69,-12,-34,-35,-12,88,-66,-67,-71,Angola
Oct-22,-24,-48,-15,-33,-49,-32,81,-34,-42,-62,Angola
Nov-22,-26,-46,-18,-48,-49,-46,91,-35,-37,-58,Angola
Dec-22,66,20,84,98,97,96,66,39,63,1,Angola
Jan-23,38,7,50,71,76,69,20,16,16,-2,Angola
Feb-23,22,2,30,48,50,47,4,4,0,0,Angola
Mar-23,15,1,21,31,31,29,4,7,9,-4,Angola
Apr-23,5,-1,7,13,5,14,1,18,2,-19,Angola
May-23,44,8,58,58,57,48,65,65,64,-48,Angola
Jun-23,37,40,36,41,37,18,39,50,46,30,Angola
Jul-23,46,35,51,53,66,22,48,75,64,-5,Angola
Aug-23,26,17,30,33,28,31,29,33,29,0,Angola
Sep-23,23,16,26,27,25,28,27,31,25,0,Angola
Oct-23,20,18,22,32,30,6,34,35,4,0,Angola
Jun-16,19,-1,27,36,27,27,35,31,12,-33,Cameroon
Jul-16,12,2,15,19,13,14,21,27,9,-22,Cameroon
Aug-16,15,0,22,26,13,20,28,25,22,-26,Cameroon
Sep-16,21,2,28,24,29,29,38,39,19,-35,Cameroon
Oct-16,22,12,26,24,22,26,32,43,25,-18,Cameroon
Nov-16,15,14,16,18,18,11,13,35,19,-8,Cameroon
Dec-16,16,10,18,14,20,22,11,29,23,-8,Cameroon
Jan-17,16,5,20,20,14,22,18,23,25,-13,Cameroon
Feb-17,11,3,14,16,15,12,15,19,10,-13,Cameroon
Mar-17,11,7,13,7,14,16,12,19,16,-4,Cameroon
Apr-17,21,12,25,26,25,23,22,36,31,-11,Cameroon
May-17,17,10,20,21,16,18,16,22,27,-2,Cameroon
Jun-17,14,13,15,8,15,12,11,20,27,7,Cameroon
Jul-17,13,15,11,5,13,11,6,17,21,13,Cameroon
Aug-17,12,3,16,16,9,15,18,20,22,-14,Cameroon
Sep-17,10,3,13,13,19,5,12,13,18,-7,Cameroon
Oct-17,9,5,10,17,4,4,14,18,13,-8,Cameroon
Nov-17,16,15,16,20,15,14,17,33,17,-3,Cameroon
Dec-17,11,9,12,11,15,8,12,15,15,2,Cameroon
Jan-18,9,7,9,8,10,2,11,4,14,10,Cameroon
Feb-18,8,-1,11,16,9,2,15,-4,14,2,Cameroon
Mar-18,7,16,3,4,1,-3,4,20,10,12,Cameroon
Apr-18,17,20,15,23,15,11,10,21,18,19,Cameroon
May-18,13,10,14,15,16,14,17,14,9,7,Cameroon
Jun-18,12,-3,18,27,18,17,19,9,11,-16,Cameroon
Jul-18,7,-4,11,20,11,12,11,4,2,-11,Cameroon
Aug-18,13,-9,22,30,18,26,24,-1,12,-16,Cameroon
Sep-18,7,-4,11,16,16,12,7,5,5,-14,Cameroon
Oct-18,-2,-15,4,6,2,2,2,-1,8,-30,Cameroon
Nov-18,8,-11,16,15,15,15,17,17,16,-39,Cameroon
Dec-18,6,-9,12,18,12,8,7,2,16,-19,Cameroon
Jan-19,6,-1,8,14,8,11,-1,-1,10,-1,Cameroon
Feb-19,-3,-5,-2,0,0,0,-5,-5,-6,-5,Cameroon
Mar-19,-10,-19,-6,-4,-6,3,-11,-11,-12,-26,Cameroon
Apr-19,0,-7,3,4,6,1,-1,-3,3,-11,Cameroon
May-19,3,-4,5,6,6,-1,8,8,8,-15,Cameroon
Jun-19,2,-5,5,3,7,6,2,7,6,-17,Cameroon
Jul-19,-8,-18,-5,4,-5,-4,-11,-10,-7,-25,Cameroon
Aug-19,6,-7,12,15,15,9,8,7,11,-21,Cameroon
Sep-19,7,-4,12,10,10,18,2,3,18,-11,Cameroon
Oct-19,20,11,23,26,21,23,18,11,29,12,Cameroon
Nov-19,15,2,20,20,19,18,18,17,24,-13,Cameroon
Dec-19,10,1,14,17,14,10,14,8,13,-6,Cameroon
Jan-20,14,6,18,20,23,11,17,18,18,-6,Cameroon
Feb-20,-2,-2,-3,2,-3,-5,-4,-8,-2,5,Cameroon
Mar-20,11,5,13,17,11,16,11,5,10,5,Cameroon
Apr-20,4,2,5,12,4,3,2,5,4,-1,Cameroon
May-20,14,3,18,17,17,14,23,18,21,-12,Cameroon
Jun-20,10,1,14,12,14,12,17,14,16,-13,Cameroon
Jul-20,4,-1,5,6,-1,7,4,9,9,-11,Cameroon
Aug-20,-2,-9,1,-1,-4,1,8,2,1,-20,Cameroon
Sep-20,-2,-4,-2,-16,-8,0,11,12,4,-19,Cameroon
Oct-20,4,3,5,-10,-4,-2,20,22,21,-17,Cameroon
Nov-20,-3,-3,-3,-6,-8,-4,0,9,6,-16,Cameroon
Dec-20,0,0,0,-9,-8,-4,14,14,7,-13,Cameroon
Jan-21,0,0,0,-5,-3,-7,12,17,1,-16,Cameroon
Feb-21,6,0,8,6,7,10,15,7,6,-7,Cameroon
Mar-21,1,-6,4,3,3,6,12,8,-5,-21,Cameroon
Apr-21,6,5,7,11,8,5,11,27,-1,-17,Cameroon
May-21,11,3,15,15,13,9,15,25,23,-19,Cameroon
Jun-21,10,4,12,20,18,16,10,3,-5,5,Cameroon
Jul-21,14,0,20,25,22,25,13,13,15,-14,Cameroon
Aug-21,6,5,6,6,8,12,15,11,-12,0,Cameroon
Sep-21,11,9,12,15,13,13,18,18,1,0,Cameroon
Oct-21,12,5,15,5,15,27,26,32,0,-22,Cameroon
Nov-21,10,7,11,-1,13,18,21,29,4,-15,Cameroon
Dec-21,14,5,18,4,21,20,22,41,22,-31,Cameroon
Jan-22,3,-11,9,2,10,12,9,22,11,-45,Cameroon
Feb-22,5,-2,8,-18,18,12,10,28,18,-31,Cameroon
Mar-22,14,1,19,10,43,0,18,10,25,-8,Cameroon
Apr-22,10,7,11,7,21,4,16,22,8,-8,Cameroon
May-22,4,-5,7,7,4,20,8,11,-4,-22,Cameroon
Jun-22,-1,-12,3,1,7,-9,10,8,8,-31,Cameroon
Jul-22,4,5,4,4,4,8,5,23,-4,-13,Cameroon
Aug-22,13,0,18,15,17,15,25,26,16,-27,Cameroon
Sep-22,4,-6,8,9,7,6,11,15,8,-26,Cameroon
Oct-22,2,4,1,8,5,-4,-8,12,3,-3,Cameroon
Nov-22,0,-1,1,2,2,-11,14,15,-3,-17,Cameroon
Dec-22,-10,-16,-8,-11,-10,-8,-11,-5,0,-27,Cameroon
Jan-23,-6,-17,-1,4,6,2,-4,-11,-14,-23,Cameroon
Feb-23,4,-16,12,13,21,18,6,-9,1,-23,Cameroon
Mar-23,-4,-12,-1,-6,-4,-6,13,0,-2,-25,Cameroon
Apr-23,2,-12,8,10,3,2,18,8,5,-32,Cameroon
May-23,1,-4,3,6,6,4,-1,5,2,-12,Cameroon
Jun-23,-4,-5,-3,-6,0,-4,-4,7,0,-17,Cameroon
Jul-23,-12,-24,-8,-15,-14,-20,10,-4,-1,-43,Cameroon
Aug-23,3,-14,10,11,9,6,14,14,10,-42,Cameroon
Sep-23,3,-13,9,6,6,1,18,19,14,-45,Cameroon
Oct-23,7,-21,19,15,12,14,23,17,29,-58,Cameroon
Apr-21,-10,-29,-3,-1,-2,-1,2,-2,-15,-56,Congo
May-21,-8,-21,-2,0,-1,2,-4,-6,-8,-36,Congo
Jun-21,-7,-22,-1,2,2,1,-3,-4,-7,-39,Congo
Jul-21,-7,-28,2,11,10,9,-5,-8,-15,-48,Congo
Aug-21,-6,-10,-4,2,3,5,-10,-9,-20,-11,Congo
Sep-21,-15,-16,-15,-13,-14,-11,-19,-15,-21,-16,Congo
Oct-21,-23,-28,-21,-16,-18,-19,-26,-25,-28,-30,Congo
Nov-21,-27,-33,-24,-15,-22,-22,-29,-28,-33,-38,Congo
Dec-21,-26,-42,-19,-16,-18,-15,-20,-33,-28,-51,Congo
Jan-22,-8,-33,2,6,8,7,-1,-12,-8,-54,Congo
Feb-22,-11,-33,-3,-6,2,1,-3,-16,-8,-50,Congo
Mar-22,-12,-27,-6,-3,-2,-2,-7,-15,-17,-40,Congo
Apr-22,-8,-27,-1,6,3,3,-6,-18,-10,-37,Congo
May-22,-3,-20,4,8,9,9,2,-7,-8,-33,Congo
Jun-22,-20,-44,-11,-10,-9,-5,-11,-21,-19,-67,Congo
Jul-22,-11,-30,-4,-4,-4,-3,-1,-2,-5,-58,Congo
Aug-22,-17,-28,-12,-17,-18,-12,-8,-3,-6,-53,Congo
Sep-22,-18,-42,-8,4,0,-3,-2,-23,-40,-62,Congo
Oct-22,-1,-11,3,5,7,7,2,-1,-5,-20,Congo
Nov-22,-12,-20,-9,-11,-6,-26,1,7,-1,-47,Congo
Dec-22,4,-7,9,21,8,9,-16,10,22,-24,Congo
Jan-23,25,10,31,38,39,29,9,51,39,-30,Congo
Feb-23,28,8,36,33,42,35,30,46,39,-30,Congo
Mar-23,-6,-26,2,-6,-7,-19,52,-13,-8,-40,Congo
Apr-23,0,-26,11,23,15,13,10,8,-8,-59,Congo
May-23,27,30,26,26,25,26,36,55,17,5,Congo
Jun-23,30,22,34,41,26,39,28,38,35,5,Congo
Jul-23,0,-38,15,21,25,23,39,-11,-34,-65,Congo
Aug-23,22,6,29,36,31,29,29,39,20,-27,Congo
Sep-23,36,18,43,51,48,33,47,48,37,-12,Congo
Oct-23,62,33,73,77,74,61,80,87,75,-21,Congo
Apr-21,10,-36,28,24,43,53,32,-20,-10,-51,DRC
May-21,13,-19,26,11,12,34,61,5,11,-43,DRC
Jun-21,-14,-42,-3,-23,-20,9,36,-20,-16,-64,DRC
Jul-21,-22,-39,-15,-32,-29,-12,49,-26,-49,-52,DRC
Aug-21,-19,-47,-8,-21,-21,2,53,-37,-53,-57,DRC
Sep-21,-28,-54,-18,-33,-36,-16,55,-34,-58,-75,DRC
Oct-21,-28,-47,-20,-39,-35,-21,49,-37,-55,-57,DRC
Nov-21,-18,-34,-11,-23,-27,-6,48,-21,-50,-47,DRC
Dec-21,-18,-48,-6,-21,-17,-7,66,-37,-51,-59,DRC
Jan-22,-19,-56,-4,-25,-23,-5,80,-46,-48,-65,DRC
Feb-22,-20,-47,-10,-39,-21,0,66,-33,-55,-61,DRC
Mar-22,-22,-55,-9,-29,-29,-13,80,-40,-53,-71,DRC
Apr-22,-18,-66,1,-16,-5,13,78,-54,-64,-79,DRC
May-22,-31,-62,-19,-45,-39,-24,94,-54,-80,-70,DRC
Jun-22,-20,-54,-6,-23,-16,-19,77,-35,-49,-73,DRC
Jul-22,-14,-44,-2,-21,-19,-11,81,-23,-42,-64,DRC
Aug-22,-13,-47,0,-14,-17,-3,79,-32,-43,-61,DRC
Sep-22,-21,-58,-7,-27,-27,-15,85,-46,-49,-69,DRC
Oct-22,-3,-39,11,2,4,27,58,-20,-36,-59,DRC
Nov-22,-13,-48,1,-12,-4,14,48,-24,-39,-71,DRC
Dec-22,-19,-52,-6,-22,-30,-13,76,-39,-40,-65,DRC
Jan-23,-23,-52,-12,-32,-35,-29,80,-40,-42,-64,DRC
Feb-23,-14,-37,-5,-24,-28,-24,78,-17,-27,-57,DRC
Mar-23,-20,-41,-12,-36,-29,-34,79,-29,-37,-53,DRC
Apr-23,-18,-51,-5,-9,-29,-14,68,-35,-39,-67,DRC
May-23,-20,-56,-6,-21,-31,-10,71,-38,-40,-73,DRC
Jun-23,-24,-54,-11,-32,-27,-21,77,-30,-54,-78,DRC
Jul-23,-33,-53,-24,-52,-49,-47,89,-37,-62,-70,DRC
Aug-23,-37,-62,-27,-54,-50,-54,79,-52,-56,-73,DRC
Sep-23,-41,-68,-30,-64,-59,-49,90,-53,-68,-83,DRC
Oct-23,-39,-63,-30,-62,-55,-64,93,-62,-62,-64,DRC
Jan-22,18,-1,25,35,32,32,21,-4,7,1,Egypt
Feb-22,-2,-25,8,-5,4,16,53,-46,-28,-5,Egypt
Mar-22,14,-23,29,30,31,38,69,-36,-22,-9,Egypt
Apr-22,12,0,16,17,17,19,64,3,-35,-2,Egypt
May-22,22,6,28,25,25,34,50,17,8,-6,Egypt
Jun-22,24,-1,34,35,33,38,37,1,27,-3,Egypt
Jul-22,31,3,42,40,39,41,34,2,57,4,Egypt
Aug-22,49,1,68,76,72,75,55,4,60,-2,Egypt
Sep-22,45,3,62,70,69,70,36,15,67,-9,Egypt
Oct-22,-13,-27,-7,-7,-9,-11,-3,-20,-6,-33,Egypt
Nov-22,-21,-23,-20,-25,-28,-27,-6,-18,-13,-28,Egypt
Dec-22,16,7,20,21,30,18,-2,28,31,-13,Egypt
Jan-23,41,27,46,47,59,41,28,56,55,-2,Egypt
Feb-23,-25,-55,-13,-7,-9,-1,-34,-31,-13,-78,Egypt
Mar-23,38,1,53,42,45,43,65,3,71,-1,Egypt
Apr-23,31,-11,48,25,28,46,52,-13,87,-9,Egypt
May-23,39,-7,58,57,57,50,44,-9,80,-5,Egypt
Jun-23,36,23,41,45,46,34,33,51,47,-5,Egypt
Jul-23,-3,2,-5,-1,0,-30,-1,18,9,-15,Egypt
Aug-23,65,39,76,75,80,75,80,77,69,1,Egypt
Sep-23,25,22,27,28,26,28,25,52,28,-7,Egypt
Oct-23,69,46,79,78,81,73,86,91,78,1,Egypt
Jun-16,1,-24,11,-6,-2,3,17,2,42,-49,Ghana
Jul-16,-5,-34,6,-23,-20,-7,31,-17,49,-51,Ghana
Aug-16,9,4,12,14,10,12,11,10,10,-2,Ghana
Sep-16,-2,-6,-1,-3,-3,-2,-2,-3,7,-9,Ghana
Oct-16,2,-31,16,-1,3,11,11,6,54,-68,Ghana
Nov-16,9,-6,15,7,15,19,23,3,11,-14,Ghana
Dec-16,36,14,44,58,56,65,69,46,-26,-19,Ghana
Jan-17,6,-4,11,13,12,14,15,8,-1,-17,Ghana
Feb-17,2,-4,5,0,1,6,11,6,4,-14,Ghana
Mar-17,33,11,42,34,46,64,79,48,-15,-27,Ghana
Apr-17,34,20,39,33,33,61,82,65,-14,-25,Ghana
May-17,44,19,54,40,45,80,89,62,19,-25,Ghana
Jun-17,37,16,45,32,40,61,74,57,19,-26,Ghana
Jul-17,28,14,33,15,21,45,75,52,10,-24,Ghana
Aug-17,38,22,44,41,40,49,78,65,14,-22,Ghana
Sep-17,37,24,42,39,45,40,80,69,7,-20,Ghana
Oct-17,35,13,44,42,44,60,68,54,7,-28,Ghana
Nov-17,12,3,15,-1,-1,35,48,22,-5,-16,Ghana
Dec-17,29,27,30,12,21,29,85,76,2,-22,Ghana
Jan-18,25,7,33,14,25,43,77,44,3,-29,Ghana
Feb-18,36,16,44,33,41,54,81,58,10,-26,Ghana
Mar-18,31,22,35,28,30,38,75,60,2,-16,Ghana
Apr-18,14,-6,22,15,19,31,53,22,-6,-34,Ghana
May-18,18,-14,31,0,43,0,43,14,71,-43,Ghana
Jun-18,41,-17,64,85,81,74,30,30,52,-63,Ghana
Jul-18,25,-30,48,73,73,78,11,-8,3,-51,Ghana
Aug-18,26,8,33,33,33,17,50,25,33,-8,Ghana
Sep-18,19,-17,33,100,33,0,33,0,0,-33,Ghana
Oct-18,12,11,13,16,18,13,2,27,16,-4,Ghana
Nov-18,-3,1,-5,3,-2,-9,-10,4,-7,-2,Ghana
Dec-18,-14,6,-21,-21,-16,-24,-21,-20,-24,32,Ghana
Jan-19,-12,4,-18,-7,-22,-22,-23,-25,-18,33,Ghana
Feb-19,-7,19,-17,-16,-24,-17,-15,-15,-13,54,Ghana
Mar-19,-22,8,-34,-34,-32,-40,-25,-23,-42,39,Ghana
Apr-19,-38,-14,-47,-40,-43,-45,-49,-58,-60,29,Ghana
May-19,-12,15,-23,-21,-22,-17,-21,-4,-32,35,Ghana
Jun-19,-37,-35,-38,-35,-31,-42,-34,-29,-47,-41,Ghana
Jul-19,-34,-30,-35,-40,-28,-42,-26,-33,-39,-28,Ghana
Aug-19,-34,-32,-35,-48,-43,-33,-29,-15,-25,-49,Ghana
Sep-19,-33,-24,-36,-43,-42,-40,-31,-12,-23,-37,Ghana
Oct-19,-32,-37,-30,-22,-33,-25,-37,-21,-35,-53,Ghana
Nov-19,-30,-29,-30,-47,-40,-13,-27,-18,-22,-39,Ghana
Dec-19,-16,-25,-12,-27,-19,1,-34,2,18,-51,Ghana
Jan-20,-2,-32,10,-18,1,17,17,3,31,-66,Ghana
Feb-20,-17,-41,-7,-35,-19,-7,-12,-7,38,-76,Ghana
Mar-20,-51,-73,-42,-46,-49,-44,-41,-52,-33,-93,Ghana
Apr-20,-21,-62,-5,-24,-14,4,-7,-36,15,-88,Ghana
May-20,-13,-50,2,-49,-22,21,-1,-5,62,-95,Ghana
Jun-20,-27,-55,-16,-29,-19,-12,-25,-29,4,-82,Ghana
Jul-20,-17,-48,-5,-28,-5,6,-10,-20,15,-75,Ghana
Aug-20,-7,-26,0,-12,-6,9,-2,-2,12,-51,Ghana
Sep-20,-16,-41,-6,-22,-11,2,-5,-31,5,-52,Ghana
Oct-20,-15,-37,-6,-16,-9,1,-9,-22,3,-51,Ghana
Nov-20,-2,-34,11,-1,6,23,7,-4,20,-65,Ghana
Dec-20,-3,-28,8,-5,2,13,7,-6,21,-49,Ghana
Jan-21,-3,-28,7,-11,-2,18,8,-5,21,-52,Ghana
Feb-21,-5,-28,5,-18,-10,13,10,-3,28,-54,Ghana
Mar-21,6,-22,18,-6,12,23,21,6,38,-51,Ghana
Apr-21,8,-21,19,-3,10,33,20,2,35,-44,Ghana
May-21,-3,-25,7,-17,-8,14,9,3,35,-53,Ghana
Jun-21,11,-18,22,2,14,36,26,15,33,-51,Ghana
Jul-21,11,-21,24,25,31,35,13,14,14,-57,Ghana
Aug-21,6,-15,15,18,14,17,18,8,7,-37,Ghana
Sep-21,10,-13,19,19,19,30,15,10,10,-35,Ghana
Oct-21,5,-21,16,13,13,26,17,11,11,-54,Ghana
Nov-21,15,-19,28,34,30,38,25,8,14,-46,Ghana
Dec-21,17,-13,29,32,35,38,16,25,26,-51,Ghana
Jan-22,-1,-24,9,9,12,19,4,-3,-1,-44,Ghana
Feb-22,-2,-15,3,-18,15,9,6,7,6,-36,Ghana
Mar-22,-8,-25,-1,3,5,-7,7,-3,-14,-46,Ghana
Apr-22,-1,-18,6,2,16,13,6,-2,-6,-35,Ghana
May-22,5,-14,13,2,9,28,20,0,5,-27,Ghana
Jun-22,3,-23,13,7,3,14,17,-7,25,-40,Ghana
Jul-22,7,-14,16,11,18,16,13,4,22,-31,Ghana
Aug-22,12,-21,25,28,26,36,18,2,16,-44,Ghana
Sep-22,2,-28,14,-6,-6,29,24,-10,27,-46,Ghana
Oct-22,5,-23,17,1,4,29,20,-1,28,-46,Ghana
Nov-22,13,-28,29,11,13,51,32,6,39,-62,Ghana
Dec-22,13,-35,32,29,28,59,15,-1,29,-68,Ghana
Jan-23,16,-33,35,35,34,60,20,0,27,-66,Ghana
Feb-23,16,-27,33,25,28,60,29,12,24,-66,Ghana
Mar-23,20,-31,41,53,50,65,25,8,11,-69,Ghana
Apr-23,21,-26,39,38,34,61,41,18,24,-70,Ghana
May-23,19,-14,32,20,22,52,39,28,27,-57,Ghana
Jun-23,18,-17,31,25,28,51,41,25,12,-59,Ghana
Jul-23,19,-26,37,22,23,64,50,18,26,-69,Ghana
Aug-23,15,-29,33,37,34,59,33,-4,4,-55,Ghana
Sep-23,22,-26,41,34,36,67,48,11,19,-63,Ghana
Oct-23,23,-36,46,59,61,70,46,-7,-5,-66,Ghana
Jun-16,-8,-39,4,19,5,10,26,-18,-38,-61,Ivory Coast
Jul-16,11,-14,21,33,24,19,33,19,-4,-48,Ivory Coast
Aug-16,-11,-21,-7,-9,-13,-2,-3,4,-9,-45,Ivory Coast
Sep-16,-12,-28,-6,-8,-9,-4,-1,7,-8,-64,Ivory Coast
Oct-16,-3,-21,4,10,3,7,6,7,-9,-49,Ivory Coast
Nov-16,-1,-22,7,11,3,8,9,19,4,-63,Ivory Coast
Dec-16,2,-27,13,11,15,17,12,16,10,-70,Ivory Coast
Jan-17,-7,-30,2,-2,4,3,14,-5,-9,-54,Ivory Coast
Feb-17,-3,-26,6,-1,3,7,21,3,3,-56,Ivory Coast
Mar-17,5,-22,15,7,17,19,22,8,12,-53,Ivory Coast
Apr-17,5,-26,17,18,18,20,13,22,14,-74,Ivory Coast
May-17,7,-9,13,9,18,15,17,13,6,-31,Ivory Coast
Jun-17,10,-5,16,15,21,18,7,17,16,-26,Ivory Coast
Jul-17,6,-6,11,10,6,14,11,10,13,-22,Ivory Coast
Aug-17,9,-15,19,21,19,27,18,17,11,-46,Ivory Coast
Sep-17,10,-15,20,23,19,23,17,18,17,-48,Ivory Coast
Oct-17,1,-19,8,5,7,9,25,-3,-4,-35,Ivory Coast
Nov-17,20,2,27,32,27,25,21,35,31,-31,Ivory Coast
Dec-17,22,-9,35,40,37,40,33,43,26,-61,Ivory Coast
Jan-18,22,-16,38,39,41,39,42,29,27,-61,Ivory Coast
Feb-18,21,-14,35,37,36,37,33,28,31,-56,Ivory Coast
Mar-18,19,-9,30,34,32,30,23,30,30,-48,Ivory Coast
Apr-18,15,-12,25,28,27,24,26,21,23,-46,Ivory Coast
May-18,16,-8,25,29,24,27,25,22,20,-37,Ivory Coast
Jun-18,17,-12,28,30,29,33,17,16,32,-41,Ivory Coast
Jul-18,18,-15,31,34,30,35,30,14,25,-45,Ivory Coast
Aug-18,16,-13,27,34,27,32,25,13,19,-39,Ivory Coast
Sep-18,18,-9,29,31,33,28,27,18,25,-37,Ivory Coast
Oct-18,15,-9,24,25,29,24,18,16,25,-33,Ivory Coast
Nov-18,18,-14,30,35,36,27,25,16,30,-43,Ivory Coast
Dec-18,20,-9,31,31,35,30,27,21,34,-39,Ivory Coast
Jan-19,13,-11,23,23,26,22,21,8,21,-31,Ivory Coast
Feb-19,15,-7,23,28,25,22,23,17,18,-31,Ivory Coast
Mar-19,17,-6,26,29,31,26,24,18,21,-31,Ivory Coast
Apr-19,15,-8,24,27,26,21,19,15,26,-31,Ivory Coast
May-19,18,-7,28,31,30,26,28,16,24,-30,Ivory Coast
Jun-19,14,-6,22,28,28,24,17,14,13,-25,Ivory Coast
Jul-19,14,-13,24,26,30,28,21,7,17,-32,Ivory Coast
Aug-19,18,-8,28,27,31,29,25,16,29,-33,Ivory Coast
Sep-19,16,-10,26,33,30,20,21,14,27,-34,Ivory Coast
Oct-19,15,-6,23,29,26,27,20,21,15,-33,Ivory Coast
Nov-19,17,-1,24,22,23,27,29,26,16,-28,Ivory Coast
Dec-19,15,-4,23,21,26,20,23,22,25,-30,Ivory Coast
Jan-20,10,-2,15,16,15,15,18,15,12,-20,Ivory Coast
Feb-20,9,-3,13,13,14,16,16,11,8,-17,Ivory Coast
Mar-20,7,-6,12,12,13,12,16,9,7,-21,Ivory Coast
Apr-20,7,-8,13,10,12,14,17,8,11,-24,Ivory Coast
May-20,14,-8,23,26,26,26,23,19,15,-36,Ivory Coast
Jun-20,13,-8,22,26,23,20,22,19,19,-35,Ivory Coast
Jul-20,14,-5,21,24,22,23,20,22,16,-32,Ivory Coast
Aug-20,13,-8,22,25,23,26,22,16,14,-33,Ivory Coast
Sep-20,-4,-8,-2,-2,-2,-3,1,2,-3,-18,Ivory Coast
Oct-20,1,-11,6,9,9,7,3,0,0,-22,Ivory Coast
Nov-20,6,-2,10,11,9,15,5,6,9,-10,Ivory Coast
Dec-20,9,-2,14,16,15,14,10,10,14,-13,Ivory Coast
Jan-21,4,-2,7,7,10,7,5,10,4,-13,Ivory Coast
Feb-21,-3,-14,2,1,3,5,3,1,-3,-29,Ivory Coast
Mar-21,3,-10,8,7,8,8,10,14,8,-34,Ivory Coast
Apr-21,18,-10,29,27,32,33,23,22,29,-42,Ivory Coast
May-21,6,-21,16,19,17,23,27,0,-6,-41,Ivory Coast
Jun-21,-2,-28,8,14,13,13,17,-12,-15,-43,Ivory Coast
Jul-21,11,-8,19,19,21,24,26,12,4,-29,Ivory Coast
Aug-21,6,-15,15,17,16,18,19,8,2,-38,Ivory Coast
Sep-21,5,-15,12,15,14,14,13,5,5,-34,Ivory Coast
Oct-21,9,-17,20,31,26,25,22,3,-4,-37,Ivory Coast
Nov-21,6,-24,18,28,22,28,16,-6,-4,-42,Ivory Coast
Dec-21,17,-23,33,40,41,40,39,11,7,-56,Ivory Coast
Jan-22,15,-19,28,39,36,30,28,21,8,-60,Ivory Coast
Feb-22,8,-11,16,-27,31,29,39,15,6,-37,Ivory Coast
Mar-22,10,-9,17,21,15,10,24,14,16,-31,Ivory Coast
Apr-22,10,-12,19,12,30,9,47,6,-4,-31,Ivory Coast
May-22,13,-14,23,18,30,28,34,3,7,-31,Ivory Coast
Jun-22,0,-16,6,10,8,-7,25,5,-4,-37,Ivory Coast
Jul-22,5,-8,10,11,15,6,14,16,2,-32,Ivory Coast
Aug-22,3,-30,16,27,21,14,32,-8,-12,-53,Ivory Coast
Sep-22,11,-24,24,30,28,28,41,5,-5,-52,Ivory Coast
Oct-22,22,-9,35,42,45,36,44,16,9,-34,Ivory Coast
Nov-22,18,-22,34,42,38,33,58,2,0,-46,Ivory Coast
Dec-22,16,-24,32,36,42,37,41,-3,2,-45,Ivory Coast
Jan-23,1,-23,11,11,14,5,3,20,21,-66,Ivory Coast
Feb-23,15,-30,33,47,45,38,41,-8,-7,-52,Ivory Coast
Mar-23,14,-24,29,39,40,30,48,-12,-10,-36,Ivory Coast
Apr-23,11,-36,30,46,33,30,49,-18,-9,-54,Ivory Coast
May-23,13,-31,31,43,44,28,41,-9,-3,-52,Ivory Coast
Jun-23,23,-17,38,55,51,44,34,7,8,-41,Ivory Coast
Jul-23,14,-24,30,42,36,32,43,-7,-6,-41,Ivory Coast
Aug-23,11,-24,25,39,35,28,34,-13,-10,-34,Ivory Coast
Sep-23,14,-17,26,37,39,35,34,0,-12,-33,Ivory Coast
Oct-23,14,-16,25,36,39,30,45,-10,-23,-22,Ivory Coast
Jun-16,11,-21,24,28,25,28,31,7,10,-49,Kenya
Jul-16,10,-18,21,27,23,25,25,6,7,-41,Kenya
Aug-16,1,-18,8,6,5,17,12,2,1,-37,Kenya
Sep-16,4,-20,14,16,18,20,11,2,3,-42,Kenya
Oct-16,4,-19,14,16,14,21,13,6,4,-45,Kenya
Nov-16,7,-23,19,18,19,25,18,4,13,-49,Kenya
Dec-16,4,-26,16,13,16,27,12,-4,13,-48,Kenya
Jan-17,3,-30,16,13,15,29,18,-12,5,-49,Kenya
Feb-17,1,-30,13,10,16,21,13,-14,7,-46,Kenya
Mar-17,0,-32,13,12,17,22,15,-3,2,-61,Kenya
Apr-17,-1,-27,10,3,6,14,19,-3,7,-52,Kenya
May-17,0,-29,12,7,11,16,17,-7,10,-50,Kenya
Jun-17,3,-30,17,14,22,24,15,-8,7,-52,Kenya
Jul-17,-1,-34,12,10,12,24,20,-16,-5,-53,Kenya
Aug-17,6,-22,17,18,22,21,18,2,7,-46,Kenya
Sep-17,0,-29,12,12,13,21,14,-8,0,-50,Kenya
Oct-17,-7,-30,2,-7,-5,13,10,-11,-1,-50,Kenya
Nov-17,2,-23,12,14,15,17,16,-3,0,-42,Kenya
Dec-17,7,-24,19,23,24,27,22,-1,1,-47,Kenya
Jan-18,8,-21,19,18,23,27,17,3,13,-46,Kenya
Feb-18,3,-18,12,14,12,20,11,-2,2,-35,Kenya
Mar-18,9,-19,20,20,23,26,19,3,11,-40,Kenya
Apr-18,7,-20,18,24,21,22,12,-5,11,-35,Kenya
May-18,12,-16,23,25,24,29,26,10,13,-41,Kenya
Jun-18,11,-18,23,24,24,27,23,5,18,-41,Kenya
Jul-18,4,-19,13,12,20,18,14,-1,2,-38,Kenya
Aug-18,7,-17,16,14,16,25,17,5,10,-40,Kenya
Sep-18,-3,-28,7,4,7,19,7,-8,-2,-47,Kenya
Oct-18,10,-18,21,18,19,25,23,10,18,-46,Kenya
Nov-18,2,-22,11,16,14,21,15,-3,-12,-41,Kenya
Dec-18,9,-16,20,24,26,30,16,5,3,-38,Kenya
Jan-19,14,-14,24,29,28,33,23,9,9,-37,Kenya
Feb-19,11,-20,23,27,28,28,25,4,9,-44,Kenya
Mar-19,7,-17,17,17,20,22,19,5,8,-40,Kenya
Apr-19,11,-20,23,19,30,31,24,7,11,-48,Kenya
May-19,13,-18,25,22,28,31,27,12,16,-48,Kenya
Jun-19,12,-15,23,22,25,30,24,11,11,-41,Kenya
Jul-19,12,-19,24,27,28,33,24,6,9,-44,Kenya
Aug-19,5,-23,16,18,15,19,18,-1,10,-46,Kenya
Sep-19,9,-21,20,22,23,27,22,1,8,-43,Kenya
Oct-19,8,-18,18,19,23,23,16,4,12,-41,Kenya
Nov-19,4,-26,17,26,20,22,20,-4,-5,-47,Kenya
Dec-19,6,-17,15,9,11,25,23,3,5,-37,Kenya
Jan-20,5,-23,16,17,20,23,18,-1,1,-44,Kenya
Feb-20,6,-26,18,18,17,23,23,-2,10,-51,Kenya
Mar-20,-32,-51,-24,-39,-39,-24,-8,-33,-10,-69,Kenya
Apr-20,-33,-56,-23,-32,-34,-20,-8,-41,-23,-72,Kenya
May-20,-28,-49,-19,-28,-25,-16,-12,-29,-15,-70,Kenya
Jun-20,-27,-51,-17,-22,-22,-17,-5,-31,-19,-71,Kenya
Jul-20,-20,-43,-11,-22,-19,-8,1,-21,-9,-64,Kenya
Aug-20,-16,-47,-3,-4,-1,-1,2,-24,-12,-69,Kenya
Sep-20,-9,-39,3,1,4,14,3,-18,-8,-60,Kenya
Oct-20,-8,-39,5,4,8,8,5,-17,1,-61,Kenya
Nov-20,-7,-36,4,3,2,8,6,-11,1,-61,Kenya
Dec-20,-1,-32,12,11,14,18,18,0,-2,-63,Kenya
Jan-21,-5,-32,6,13,10,13,5,-10,-11,-53,Kenya
Feb-21,2,-30,15,15,15,24,14,-1,9,-60,Kenya
Mar-21,-7,-43,7,4,7,16,10,-17,-4,-69,Kenya
Apr-21,-7,-44,8,9,9,15,8,-15,-1,-74,Kenya
May-21,2,-41,19,25,23,30,18,-12,-3,-71,Kenya
Jun-21,2,-33,16,20,17,25,15,-1,4,-64,Kenya
Jul-21,-2,-39,13,13,12,18,15,-14,8,-65,Kenya
Aug-21,3,-38,20,21,22,29,25,-6,3,-69,Kenya
Sep-21,6,-31,20,22,24,30,23,1,3,-63,Kenya
Oct-21,17,-21,33,37,40,46,29,11,12,-54,Kenya
Nov-21,19,-20,35,39,41,48,37,10,11,-50,Kenya
Dec-21,19,-27,38,40,42,52,37,10,17,-64,Kenya
Jan-22,14,-29,31,34,34,50,31,3,8,-61,Kenya
Feb-22,2,-32,15,-34,31,40,30,-5,9,-58,Kenya
Mar-22,3,-38,20,17,20,32,25,-14,6,-63,Kenya
Apr-22,-1,-38,14,12,9,26,23,-16,0,-59,Kenya
May-22,3,-38,20,18,21,32,23,-11,4,-64,Kenya
Jun-22,-9,-46,5,3,2,13,10,-17,-1,-74,Kenya
Jul-22,-1,-49,18,21,21,34,20,-25,-6,-73,Kenya
Aug-22,6,-41,25,30,30,37,24,-9,3,-73,Kenya
Sep-22,9,-37,28,36,36,42,20,-7,5,-68,Kenya
Oct-22,7,-33,23,25,27,37,23,-3,6,-63,Kenya
Nov-22,6,-37,23,31,24,30,21,-8,7,-66,Kenya
Dec-22,9,-37,28,32,35,41,27,-7,4,-67,Kenya
Jan-23,7,-35,24,25,27,35,24,-9,7,-60,Kenya
Feb-23,1,-36,15,16,16,24,20,-11,1,-62,Kenya
Mar-23,-5,-45,11,11,13,20,14,-22,-6,-68,Kenya
Apr-23,2,-44,20,24,23,31,26,-20,-2,-68,Kenya
May-23,-10,-48,5,3,5,12,12,-28,-5,-69,Kenya
Jun-23,-13,-50,2,-10,-5,7,21,-24,-2,-76,Kenya
Jul-23,-7,-48,10,5,7,17,18,-24,2,-72,Kenya
Aug-23,-2,-47,16,16,17,24,29,-22,-5,-71,Kenya
Sep-23,-7,-49,9,3,9,15,25,-28,-7,-69,Kenya
Oct-23,-5,-52,14,8,11,24,28,-28,0,-76,Kenya
Aug-21,-45,-37,-49,-49,-47,-46,-47,-41,-54,-33,Morocco
Sep-21,39,12,50,60,62,62,35,28,29,-4,Morocco
Oct-21,18,-26,36,49,50,53,73,-31,-47,-22,Morocco
Nov-21,43,10,56,73,70,71,63,17,1,3,Morocco
Dec-21,19,-6,29,35,36,33,75,0,-33,-13,Morocco
Jan-22,11,-10,20,22,18,29,65,0,-35,-19,Morocco
Feb-22,2,-32,15,-12,23,25,72,-22,-31,-41,Morocco
Mar-22,8,-15,17,22,20,27,50,-2,-35,-28,Morocco
Apr-22,-43,-69,-33,-73,-31,-75,95,-70,-83,-67,Morocco
May-22,35,-25,59,93,93,93,68,-27,-54,-23,Morocco
Jun-22,41,-22,67,96,96,95,86,-19,-40,-25,Morocco
Jul-22,32,-27,55,93,94,94,50,-10,-54,-43,Morocco
Aug-22,36,-29,62,96,96,96,68,-4,-48,-54,Morocco
Sep-22,38,-31,65,99,99,98,68,12,-40,-73,Morocco
Oct-22,43,-19,67,84,85,84,75,16,10,-54,Morocco
Nov-22,18,-23,35,48,52,47,49,-2,-20,-45,Morocco
Dec-22,9,1,12,9,10,14,17,11,9,-10,Morocco
Jan-23,9,11,9,32,31,2,2,23,-24,-2,Morocco
Feb-23,16,24,13,20,21,21,18,29,-14,19,Morocco
Mar-23,-7,-8,-7,-3,-7,-5,-5,-9,-15,-6,Morocco
Apr-23,11,5,14,17,16,8,13,14,15,-4,Morocco
May-23,33,16,40,40,41,38,38,52,43,-20,Morocco
Jun-23,4,6,3,5,11,9,3,15,-12,-3,Morocco
Jul-23,-37,-57,-29,-59,-48,-61,90,-38,-67,-76,Morocco
Aug-23,0,-2,1,4,1,1,1,-3,-3,-1,Morocco
Sep-23,0,0,0,0,0,0,0,0,-1,0,Morocco
Oct-23,26,1,36,62,62,57,1,2,0,0,Morocco
Mar-22,12,-20,24,30,25,31,18,19,18,-59,Mozambique
Apr-22,28,-6,41,55,54,50,18,27,29,-38,Mozambique
May-22,35,6,47,60,66,56,8,7,44,6,Mozambique
Jun-22,23,-5,34,42,43,48,14,20,23,-31,Mozambique
Jul-22,12,-31,29,48,53,60,12,10,-30,-72,Mozambique
Aug-22,14,-40,36,77,77,78,-3,-5,-51,-75,Mozambique
Sep-22,10,-43,32,56,48,72,-3,1,-14,-88,Mozambique
Oct-22,29,-22,50,63,55,72,8,17,52,-60,Mozambique
Nov-22,22,-37,46,59,41,68,5,7,56,-82,Mozambique
Dec-22,25,-27,46,54,54,51,18,17,51,-71,Mozambique
Jan-23,23,-35,46,56,52,58,14,9,51,-80,Mozambique
Feb-23,22,-26,41,50,42,56,13,14,43,-65,Mozambique
Mar-23,34,-35,61,73,50,80,24,17,78,-88,Mozambique
Apr-23,61,-14,91,93,94,94,87,65,86,-94,Mozambique
May-23,64,-5,92,97,94,95,84,81,91,-92,Mozambique
Jun-23,70,1,98,100,99,98,97,98,96,-95,Mozambique
Jul-23,48,33,54,56,67,33,57,63,58,3,Mozambique
Aug-23,63,-6,90,92,90,96,84,80,89,-92,Mozambique
Sep-23,65,-2,92,93,94,92,90,88,92,-93,Mozambique
Oct-23,27,-4,39,33,51,33,23,27,57,-36,Mozambique
Feb-22,-21,-50,-9,-17,-5,-1,15,-48,-38,-52,Namibia
Mar-22,-2,-25,8,3,5,9,13,15,10,-65,Namibia
Apr-22,10,-15,21,13,19,53,7,18,11,-48,Namibia
May-22,5,-24,16,14,15,29,11,10,12,-57,Namibia
Jun-22,-1,-22,7,5,3,10,7,6,8,-50,Namibia
Jul-22,-4,-9,-2,-13,-5,-1,0,7,8,-25,Namibia
Aug-22,-5,-1,-7,-4,-3,-6,-22,3,2,-5,Namibia
Sep-22,-32,-30,-32,-33,-24,-33,-40,-21,-32,-38,Namibia
Oct-22,22,-2,31,44,41,40,12,17,19,-22,Namibia
Nov-22,16,-6,25,28,28,25,24,12,20,-24,Namibia
Dec-22,16,1,22,22,24,24,13,20,28,-18,Namibia
Jan-23,17,-5,25,26,31,30,18,22,22,-32,Namibia
Feb-23,14,-2,20,24,26,21,9,9,18,-12,Namibia
Mar-23,5,-14,13,13,14,1,17,9,19,-37,Namibia
Apr-23,41,-3,59,77,72,62,75,5,10,-11,Namibia
May-23,53,14,68,84,90,83,51,26,34,2,Namibia
Jun-23,76,50,86,88,89,86,87,93,81,8,Namibia
Jul-23,40,21,48,49,47,45,52,41,49,1,Namibia
Aug-23,23,-5,34,40,36,33,31,30,33,-40,Namibia
Sep-23,38,14,48,52,56,37,49,48,44,-21,Namibia
Oct-23,30,1,42,43,39,33,41,48,51,-46,Namibia
Jun-16,17,-42,41,59,59,65,25,-20,-5,-65,Nigeria
Jul-16,21,-38,44,59,63,69,35,-13,-4,-63,Nigeria
Aug-16,26,-25,46,63,62,64,26,-2,17,-48,Nigeria
Sep-16,10,-39,30,43,43,46,10,-20,6,-59,Nigeria
Oct-16,8,-35,26,35,35,42,12,-14,4,-57,Nigeria
Nov-16,9,-27,24,36,38,42,12,-13,-8,-42,Nigeria
Dec-16,18,-30,37,52,58,63,18,-4,-6,-55,Nigeria
Jan-17,13,-22,27,37,40,43,8,6,5,-50,Nigeria
Feb-17,14,-33,33,52,55,55,12,-5,-9,-62,Nigeria
Mar-17,9,-40,29,42,45,45,2,-12,11,-67,Nigeria
Apr-17,19,-32,39,57,53,53,15,0,19,-65,Nigeria
May-17,15,-46,40,56,62,62,13,-12,5,-79,Nigeria
Jun-17,15,-34,35,49,49,54,16,-3,7,-65,Nigeria
Jul-17,25,-33,49,61,65,70,25,4,23,-70,Nigeria
Aug-17,26,-31,48,63,61,68,23,8,27,-70,Nigeria
Sep-17,23,-27,42,58,52,60,17,11,23,-64,Nigeria
Oct-17,22,-34,44,58,59,65,18,4,22,-72,Nigeria
Nov-17,29,-27,52,69,68,71,25,4,26,-57,Nigeria
Dec-17,21,-35,43,53,62,67,17,3,17,-73,Nigeria
Jan-18,24,-31,46,61,59,66,19,7,28,-69,Nigeria
Feb-18,21,-31,43,59,48,68,13,3,25,-66,Nigeria
Mar-18,25,-25,45,57,53,57,27,10,29,-61,Nigeria
Apr-18,20,-35,41,51,50,60,16,1,30,-71,Nigeria
May-18,28,-19,46,63,55,59,24,13,31,-51,Nigeria
Jun-18,24,-8,37,46,43,51,20,9,24,-26,Nigeria
Jul-18,20,-12,33,42,33,48,21,7,20,-32,Nigeria
Aug-18,18,-14,31,42,35,46,16,12,14,-40,Nigeria
Sep-18,28,-9,43,52,45,59,23,20,33,-38,Nigeria
Oct-18,25,-13,40,48,42,54,26,18,32,-44,Nigeria
Nov-18,20,-28,40,49,38,59,16,4,38,-61,Nigeria
Dec-18,22,-25,40,49,44,56,23,9,30,-59,Nigeria
Jan-19,20,-16,34,38,38,46,21,10,27,-42,Nigeria
Feb-19,24,-28,44,55,43,62,21,6,40,-62,Nigeria
Mar-19,21,-23,39,53,42,52,20,11,29,-57,Nigeria
Apr-19,24,-26,44,53,44,59,24,11,38,-62,Nigeria
May-19,28,-22,48,58,50,63,24,12,43,-57,Nigeria
Jun-19,29,-25,51,60,54,66,27,12,46,-62,Nigeria
Jul-19,23,-27,43,49,42,57,23,8,44,-62,Nigeria
Aug-19,24,-27,44,52,43,59,24,11,44,-64,Nigeria
Sep-19,17,-17,31,36,33,40,20,8,26,-42,Nigeria
Oct-19,24,-26,44,56,42,61,16,10,45,-62,Nigeria
Nov-19,24,-24,44,53,39,59,21,15,47,-64,Nigeria
Dec-19,23,-20,40,44,39,52,22,17,41,-56,Nigeria
Jan-20,22,-20,39,50,32,52,19,13,42,-53,Nigeria
Feb-20,24,-15,40,50,32,48,22,16,45,-46,Nigeria
Mar-20,21,-22,38,45,36,53,24,10,34,-53,Nigeria
Apr-20,-27,-51,-17,-10,-15,-7,-33,-31,-21,-70,Nigeria
May-20,6,-33,22,31,33,37,5,-7,3,-59,Nigeria
Jun-20,9,-33,25,28,24,31,15,0,29,-67,Nigeria
Jul-20,16,-34,36,42,36,53,7,1,43,-69,Nigeria
Aug-20,17,-29,35,44,37,46,15,6,31,-63,Nigeria
Sep-20,15,-26,31,35,26,41,14,8,39,-60,Nigeria
Oct-20,22,-31,43,44,41,49,32,9,49,-71,Nigeria
Nov-20,17,-31,36,38,39,43,23,12,39,-74,Nigeria
Dec-20,21,-30,41,45,40,46,31,18,43,-78,Nigeria
Jan-21,27,-27,48,52,50,55,30,18,55,-72,Nigeria
Feb-21,27,-23,46,49,53,50,34,29,45,-74,Nigeria
Mar-21,18,-30,37,45,36,44,24,15,36,-74,Nigeria
Apr-21,13,-26,28,33,28,38,11,18,29,-69,Nigeria
May-21,13,-27,29,35,29,35,10,12,35,-66,Nigeria
Jun-21,13,-22,27,32,27,32,13,8,29,-52,Nigeria
Jul-21,23,-22,40,48,42,49,23,28,40,-72,Nigeria
Aug-21,33,-20,54,60,55,65,42,36,47,-77,Nigeria
Sep-21,28,-28,50,56,50,66,29,20,48,-76,Nigeria
Oct-21,33,-21,55,59,59,64,36,40,55,-82,Nigeria
Nov-21,36,-21,59,63,63,66,49,40,55,-83,Nigeria
Dec-21,41,-14,64,71,71,74,52,49,50,-76,Nigeria
Jan-22,30,-20,50,56,57,64,31,30,40,-71,Nigeria
Feb-22,12,-22,26,-47,46,58,28,24,42,-67,Nigeria
Mar-22,27,-24,47,53,52,59,29,22,44,-70,Nigeria
Apr-22,26,-17,44,46,50,50,27,25,45,-60,Nigeria
May-22,27,-25,47,51,51,61,27,25,47,-75,Nigeria
Jun-22,25,-22,44,49,46,55,28,20,43,-65,Nigeria
Jul-22,23,-20,40,49,47,50,16,19,38,-59,Nigeria
Aug-22,22,-24,40,47,48,55,9,22,41,-71,Nigeria
Sep-22,27,-25,48,55,57,64,18,21,44,-71,Nigeria
Oct-22,31,-18,50,58,55,63,29,31,46,-66,Nigeria
Nov-22,38,-17,60,64,67,67,48,39,53,-74,Nigeria
Dec-22,25,-28,46,52,55,57,18,12,46,-68,Nigeria
Jan-23,21,-26,40,46,52,54,10,13,37,-64,Nigeria
Feb-23,10,-37,28,37,38,45,-12,-11,33,-63,Nigeria
Mar-23,10,-42,31,38,44,38,-3,-18,39,-67,Nigeria
Apr-23,14,-41,36,47,44,45,1,-12,44,-70,Nigeria
May-23,6,-35,22,31,34,31,-8,-16,24,-54,Nigeria
Jun-23,11,-21,24,30,33,33,-3,0,26,-42,Nigeria
Jul-23,8,-41,28,39,40,39,-10,-15,32,-67,Nigeria
Aug-23,19,-22,35,50,47,48,-1,-2,32,-43,Nigeria
Sep-23,13,-35,32,41,47,47,0,-9,24,-60,Nigeria
Oct-23,22,-36,45,61,57,61,17,-11,28,-61,Nigeria
May-21,-18,-57,-2,-1,7,18,26,-56,-63,-57,Senegal
Jun-21,-15,-55,1,-6,1,23,38,-43,-53,-68,Senegal
Jul-21,-14,-46,-1,-11,-3,23,39,-23,-51,-70,Senegal
Aug-21,1,-42,19,4,18,43,49,-1,-19,-83,Senegal
Sep-21,1,-37,16,0,10,34,48,5,-12,-79,Senegal
Oct-21,2,-37,17,8,13,42,44,-9,-24,-64,Senegal
Nov-21,10,-22,22,9,18,55,53,2,-24,-46,Senegal
Dec-21,7,-24,19,9,16,44,47,6,-22,-54,Senegal
Jan-22,-6,-40,7,-3,1,35,36,-16,-33,-65,Senegal
Feb-22,-3,-31,8,-12,13,33,30,-14,-23,-49,Senegal
Mar-22,-1,-50,18,15,17,39,65,-26,-45,-73,Senegal
Apr-22,6,-22,17,16,13,23,41,19,-6,-63,Senegal
May-22,6,-17,15,13,5,24,51,18,-16,-52,Senegal
Jun-22,-5,-41,9,3,1,21,45,-29,-26,-54,Senegal
Jul-22,-11,-40,0,-4,0,9,30,-24,-34,-56,Senegal
Aug-22,-4,-29,6,-5,2,16,41,-17,-26,-42,Senegal
Sep-22,-13,-41,-1,-11,-9,10,45,-22,-40,-60,Senegal
Oct-22,-8,-44,6,-2,1,20,50,-35,-39,-52,Senegal
Nov-22,-9,-48,6,6,8,20,41,-33,-42,-63,Senegal
Dec-22,-4,-50,14,14,18,26,45,-31,-33,-70,Senegal
Jan-23,-6,-42,9,5,11,23,41,-28,-35,-57,Senegal
Mar-23,-9,-47,6,-1,3,24,44,-30,-41,-64,Senegal
Apr-23,-4,-42,11,4,7,32,49,-19,-36,-66,Senegal
May-23,-29,-55,-19,-48,-35,6,36,-32,-52,-79,Senegal
Jun-23,-12,-46,1,-12,-2,24,39,-24,-42,-69,Senegal
Jul-23,-12,-46,1,-16,3,18,43,-24,-44,-68,Senegal
Aug-23,-1,-27,10,4,8,17,49,-8,-29,-47,Senegal
Sep-23,-3,-29,7,0,7,20,41,-10,-30,-49,Senegal
Oct-23,1,-21,10,-5,6,28,54,7,-32,-49,Senegal
Jul-16,14,-43,37,52,56,59,12,-18,7,-67,South Africa
Aug-16,12,-36,31,46,44,47,6,1,11,-74,South Africa
Sep-16,14,-37,34,53,56,50,12,2,-1,-75,South Africa
Oct-16,1,-30,14,26,28,30,-3,-3,-10,-58,South Africa
Nov-16,7,-28,22,40,31,32,9,3,-2,-60,South Africa
Dec-16,4,-32,18,39,39,36,-9,-6,-13,-58,South Africa
Jan-17,22,-12,35,67,70,70,8,5,-38,-29,South Africa
Feb-17,17,-32,36,84,86,86,3,-4,-77,-60,South Africa
Mar-17,-14,-30,-8,8,9,13,-13,-9,-56,-51,South Africa
Apr-17,-8,-16,-4,8,6,8,-10,-6,-33,-27,South Africa
May-17,-2,-13,2,10,11,9,-6,-10,-16,-15,South Africa
Jun-17,-3,-11,0,6,9,6,-11,-7,-12,-14,South Africa
Jul-17,-5,-18,0,10,8,8,-14,-16,-13,-20,South Africa
Aug-17,-21,-38,-14,-12,-11,-11,-12,-19,-22,-58,South Africa
Sep-17,-18,-36,-10,-5,-7,-7,-14,-14,-17,-58,South Africa
Oct-17,-9,-24,-3,3,3,4,-14,-9,-12,-40,South Africa
Nov-17,-14,-22,-11,-9,-8,-8,-16,-16,-13,-28,South Africa
Dec-17,-5,-15,-1,4,4,6,-14,-13,-7,-16,South Africa
Jan-18,1,-10,6,13,14,12,-7,-5,-1,-16,South Africa
Feb-18,4,-6,8,14,13,11,-3,-2,3,-11,South Africa
Mar-18,2,-7,6,11,13,10,-6,-3,3,-11,South Africa
Apr-18,-3,-12,1,5,4,6,-12,-9,0,-14,South Africa
May-18,-2,-11,2,8,6,5,-9,-8,-2,-14,South Africa
Jun-18,1,-6,4,6,7,10,-4,-3,2,-9,South Africa
Jul-18,-2,-4,-1,-1,-1,2,0,-3,-3,-5,South Africa
Aug-18,-1,-10,2,6,7,9,-8,-7,-2,-13,South Africa
Sep-18,2,-6,5,7,7,11,-4,-3,3,-10,South Africa
Oct-18,0,-7,4,10,8,8,-6,-6,-2,-8,South Africa
Nov-18,-2,-12,2,7,5,8,-7,-9,-5,-15,South Africa
Dec-18,-1,-10,3,8,7,9,-11,-7,0,-14,South Africa
Jan-19,-2,-14,2,8,7,10,-11,-11,-4,-16,South Africa
Feb-19,-1,-9,3,8,5,9,-8,-5,1,-12,South Africa
Mar-19,-3,-11,0,4,4,4,-12,-9,-1,-13,South Africa
Apr-19,-2,-12,2,7,7,7,-10,-9,-1,-15,South Africa
May-19,0,-8,3,6,5,7,-6,-5,1,-11,South Africa
Jun-19,-2,-12,2,8,7,7,-11,-9,-1,-16,South Africa
Jul-19,0,-8,3,8,6,7,-7,-5,0,-11,South Africa
Aug-19,-3,-13,2,8,5,8,-10,-8,-4,-18,South Africa
Sep-19,0,-8,3,7,8,7,-9,-6,1,-10,South Africa
Oct-19,0,-6,2,6,6,5,-10,-6,2,-7,South Africa
Nov-19,-7,-17,-3,5,4,4,-20,-15,-9,-20,South Africa
Dec-19,-4,-14,0,7,7,6,-14,-12,-5,-16,South Africa
Jan-20,-3,-10,0,5,6,5,-10,-7,-4,-12,South Africa
Feb-20,-5,-15,-1,5,4,6,-13,-13,-5,-18,South Africa
Mar-20,-79,-88,-75,-73,-74,-70,-79,-85,-81,-90,South Africa
Apr-20,-84,-96,-79,-70,-73,-72,-85,-95,-94,-97,South Africa
May-20,-80,-93,-75,-64,-67,-71,-81,-92,-92,-95,South Africa
Jun-20,-65,-89,-55,-41,-44,-46,-65,-84,-79,-94,South Africa
Jul-20,-56,-78,-47,-35,-40,-41,-52,-63,-65,-93,South Africa
Aug-20,-34,-60,-23,-10,-14,-16,-33,-42,-43,-79,South Africa
Sep-20,-23,-49,-12,-6,-7,-7,-19,-19,-21,-79,South Africa
Oct-20,-21,-45,-11,-4,-6,-6,-16,-23,-22,-68,South Africa
Nov-20,-13,-40,-3,1,0,-3,-5,-6,-6,-75,South Africa
Dec-20,-20,-49,-8,-3,-5,-7,-11,-13,-14,-84,South Africa
Jan-21,-18,-40,-9,-4,-5,-6,-14,-14,-17,-67,South Africa
Feb-21,-16,-39,-6,-2,-2,-4,-10,-13,-14,-65,South Africa
Mar-21,-7,-21,-2,0,1,1,-5,-7,-7,-36,South Africa
Apr-21,-9,-8,-10,-6,-8,-8,-12,-7,-14,-8,South Africa
May-21,-6,-20,-1,-13,-8,14,5,1,-1,-41,South Africa
Jun-21,10,-20,22,-16,0,54,50,19,23,-59,South Africa
Jul-21,-7,-40,6,-14,3,28,20,-12,-5,-69,South Africa
Aug-21,3,-25,14,-8,0,45,35,5,-4,-55,South Africa
Sep-21,4,-21,14,3,6,40,29,-1,-10,-41,South Africa
Oct-21,1,-27,13,5,7,37,23,-4,-8,-51,South Africa
Nov-21,-5,-25,4,-5,-6,21,21,-10,-13,-41,South Africa
Dec-21,2,-37,17,6,7,42,37,-3,-7,-71,South Africa
Jan-22,-5,-31,5,-42,-15,3,67,19,14,-82,South Africa
Feb-22,-16,-35,-8,-72,10,9,1,11,13,-81,South Africa
Mar-22,4,-8,8,15,-14,3,32,10,6,-26,South Africa
Apr-22,-14,-30,-8,-6,-5,-8,-12,-7,-9,-53,South Africa
May-22,-23,-43,-15,-27,-9,-13,-21,-5,-7,-81,South Africa
Jun-22,-35,-52,-28,-24,-34,-34,-17,-30,-29,-74,South Africa
Jul-22,-47,-59,-43,-40,-44,-44,-25,-25,-60,-93,South Africa
Aug-22,-87,-90,-85,-84,-84,-87,-84,-90,-89,-91,South Africa
Sep-22,-28,-79,-7,2,1,1,-7,-78,-33,-80,South Africa
Oct-22,-6,-5,-7,-7,-1,-7,-12,0,-7,-9,South Africa
Nov-22,-1,-4,0,1,-3,-9,7,6,3,-14,South Africa
Dec-22,18,7,23,27,29,25,-1,29,33,-16,South Africa
Jan-23,32,18,37,45,47,33,16,35,44,1,South Africa
Feb-23,-10,-8,-10,-8,-9,-10,-18,-15,-7,-2,South Africa
Mar-23,13,-5,20,28,26,26,18,17,4,-27,South Africa
Apr-23,23,-4,34,36,30,34,42,40,30,-48,South Africa
May-23,1,12,-3,7,-3,-11,-6,24,-2,0,South Africa
Jun-23,-2,2,-4,2,-2,-13,-2,18,-5,-13,South Africa
Jul-23,-1,11,-6,-3,-6,-32,-2,30,11,-8,South Africa
Aug-23,21,3,29,25,33,29,29,34,28,-28,South Africa
Sep-23,28,21,31,33,35,16,34,51,37,-9,South Africa
Oct-23,24,15,28,27,25,21,32,45,34,-15,South Africa
Jan-17,4,-26,16,18,23,26,30,-16,-17,-37,Tanzania
Feb-17,-6,-34,6,13,12,18,9,-21,-25,-47,Tanzania
Mar-17,-15,-44,-3,5,6,3,-5,-16,-25,-72,Tanzania
Apr-17,0,-33,13,20,19,26,10,0,-9,-67,Tanzania
May-17,-5,-37,7,5,10,15,5,-15,1,-60,Tanzania
Jun-17,0,-24,10,0,4,14,15,-4,18,-44,Tanzania
Jul-17,1,-15,8,0,7,11,18,3,2,-32,Tanzania
Aug-17,7,-27,21,12,13,21,25,-3,32,-51,Tanzania
Sep-17,-9,-33,1,1,1,12,9,-5,-19,-60,Tanzania
Oct-17,-10,-39,2,9,10,6,4,-18,-20,-60,Tanzania
Nov-17,-5,-33,6,6,5,11,6,-9,2,-57,Tanzania
Dec-17,-15,-30,-9,-12,-13,-3,-3,-12,-15,-48,Tanzania
Jan-18,-13,-43,-1,-3,-4,2,11,-14,-9,-72,Tanzania
Feb-18,-1,-26,8,7,9,12,9,-5,5,-47,Tanzania
Mar-18,-8,-33,1,3,-1,1,-5,-8,9,-58,Tanzania
Apr-18,-5,-31,6,4,3,7,2,0,12,-63,Tanzania
May-18,-11,-42,2,-2,-2,3,-7,-4,18,-81,Tanzania
Jun-18,-9,-28,-1,-5,-4,-1,16,-4,-13,-52,Tanzania
Jul-18,-9,-38,3,-6,-1,10,24,0,-12,-75,Tanzania
Aug-18,-2,-18,4,7,-5,6,10,2,4,-37,Tanzania
Sep-18,11,-4,17,11,12,18,34,23,9,-32,Tanzania
Oct-18,-8,-28,1,-5,-5,-4,19,2,-1,-58,Tanzania
Nov-18,-15,-40,-4,-3,-4,-9,-9,-3,3,-77,Tanzania
Dec-18,-6,-30,4,1,-2,3,9,-6,7,-53,Tanzania
Jan-19,-10,-27,-3,-2,-2,3,21,3,-35,-57,Tanzania
Feb-19,-1,-20,7,3,2,3,30,12,-4,-52,Tanzania
Mar-19,-10,-24,-5,-5,-7,-8,-7,-5,4,-42,Tanzania
Apr-19,-5,-29,5,0,2,2,12,4,8,-62,Tanzania
May-19,4,-4,8,4,11,7,19,20,-2,-28,Tanzania
Jun-19,8,1,10,7,13,8,8,12,16,-10,Tanzania
Jul-19,-4,-25,5,2,6,9,21,6,-13,-56,Tanzania
Aug-19,3,-16,11,6,7,10,20,13,11,-46,Tanzania
Sep-19,2,-17,9,7,8,11,15,7,5,-41,Tanzania
Oct-19,-16,-37,-8,-9,-9,-8,-13,-9,1,-66,Tanzania
Nov-19,41,-12,62,89,89,87,38,45,6,-68,Tanzania
Dec-19,14,4,18,18,21,20,22,26,12,-18,Tanzania
Jan-20,8,2,11,21,17,7,2,18,7,-14,Tanzania
Feb-20,9,3,11,9,13,14,-4,13,22,-8,Tanzania
Mar-20,-17,-13,-18,-24,-29,-23,-11,-7,-4,-19,Tanzania
Apr-20,-24,-67,-7,-66,-64,-2,28,-52,70,-81,Tanzania
May-20,-36,-46,-32,-40,-36,-27,-4,-14,-54,-78,Tanzania
Jun-20,15,4,19,28,16,20,14,29,16,-21,Tanzania
Jul-20,-10,-26,-3,-10,-8,-1,4,1,-2,-52,Tanzania
Aug-20,13,-14,24,31,28,28,12,3,24,-32,Tanzania
Sep-20,-9,-31,0,6,5,5,5,-2,-20,-60,Tanzania
Oct-20,22,-32,44,65,63,62,7,9,20,-72,Tanzania
Nov-20,37,-20,60,91,90,90,7,9,20,-49,Tanzania
Dec-20,24,-5,35,50,54,45,18,23,9,-33,Tanzania
Jan-21,32,6,42,57,60,57,21,19,15,-6,Tanzania
Feb-21,5,-15,13,17,16,12,18,14,2,-43,Tanzania
Mar-21,13,4,17,15,22,17,13,38,16,-29,Tanzania
Apr-21,-1,-20,7,7,11,12,24,5,-20,-46,Tanzania
May-21,6,-21,17,15,20,17,16,13,17,-55,Tanzania
Jun-21,16,-11,26,30,29,29,19,39,22,-60,Tanzania
Jul-21,8,-18,18,6,7,27,32,4,20,-41,Tanzania
Aug-21,11,-36,30,30,30,31,30,18,32,-90,Tanzania
Sep-21,17,-25,34,31,30,30,35,31,42,-82,Tanzania
Oct-21,8,-38,27,36,39,28,10,-19,20,-56,Tanzania
Nov-21,4,-17,13,10,14,13,15,5,11,-39,Tanzania
Dec-21,17,-6,26,30,27,25,25,27,23,-39,Tanzania
Jan-22,16,-37,37,38,53,43,29,-22,23,-52,Tanzania
Feb-22,11,-26,25,1,48,46,17,-14,14,-38,Tanzania
Mar-22,23,-13,37,49,46,46,20,9,24,-35,Tanzania
Apr-22,7,-18,17,18,24,25,2,-4,16,-33,Tanzania
May-22,11,-5,17,16,25,26,11,12,8,-22,Tanzania
Jun-22,25,-17,42,43,50,46,35,15,34,-49,Tanzania
Jul-22,22,-3,32,36,33,36,29,23,27,-29,Tanzania
Aug-22,9,-8,15,16,18,21,8,8,14,-24,Tanzania
Sep-22,22,-39,47,53,54,52,33,-22,40,-55,Tanzania
Oct-22,29,-33,54,62,66,64,23,5,53,-71,Tanzania
Nov-22,22,-27,42,52,56,43,31,12,28,-66,Tanzania
Dec-22,20,-24,37,45,49,47,17,14,25,-61,Tanzania
Jan-23,12,-42,33,42,44,36,4,-17,39,-68,Tanzania
Feb-23,8,-33,25,27,28,27,9,-10,34,-57,Tanzania
Mar-23,24,-38,49,58,57,54,38,-6,35,-69,Tanzania
Apr-23,35,-32,62,76,74,71,40,3,49,-67,Tanzania
May-23,37,-24,62,67,67,67,52,4,57,-53,Tanzania
Jun-23,30,-29,53,63,61,57,54,-7,30,-50,Tanzania
Jul-23,24,-19,41,48,47,47,21,8,41,-46,Tanzania
Aug-23,16,-25,32,38,42,42,6,4,35,-55,Tanzania
Sep-23,15,-18,28,29,25,28,11,13,49,-48,Tanzania
Oct-23,17,-22,33,27,30,31,14,26,61,-71,Tanzania
Jul-21,-15,-33,-8,-7,-13,4,-6,1,-19,-66,Tunisia
Aug-21,-5,-24,3,8,7,5,-1,3,-4,-52,Tunisia
Sep-21,1,-7,4,9,9,11,0,-1,-7,-12,Tunisia
Oct-21,1,-14,7,12,9,9,-4,15,11,-42,Tunisia
Nov-21,-5,-4,-6,-2,-5,-12,-5,8,-4,-15,Tunisia
Dec-21,-17,-36,-9,-16,-19,-16,35,-24,-29,-49,Tunisia
Jan-22,-7,-10,-6,-2,-3,-4,-15,-4,-5,-16,Tunisia
Feb-22,-6,-16,-3,-11,-2,-2,-4,-7,6,-24,Tunisia
Mar-22,0,-12,4,-1,-6,11,9,8,8,-32,Tunisia
Apr-22,7,21,2,-10,11,-7,20,37,-6,4,Tunisia
May-22,14,-4,21,11,35,12,10,20,35,-27,Tunisia
Jun-22,-6,-8,-5,-6,-9,-15,4,-9,-2,-6,Tunisia
Jul-22,7,22,1,6,13,-6,-24,15,18,28,Tunisia
Aug-22,19,32,14,27,37,-2,-29,11,39,53,Tunisia
Sep-22,-21,-17,-23,-25,-31,-23,-12,-18,-25,-16,Tunisia
Oct-22,-17,-10,-20,-28,-23,-23,-22,1,-6,-21,Tunisia
Nov-22,-17,-24,-14,-17,-28,-34,12,-4,-2,-43,Tunisia
Dec-22,-34,-30,-36,-58,-54,-39,-20,2,-6,-62,Tunisia
Jan-23,-39,-30,-42,-45,-54,-51,-44,-6,-18,-54,Tunisia
Feb-23,-26,-21,-28,-25,-28,-33,-35,-3,-16,-40,Tunisia
Mar-23,-25,-30,-23,-23,-32,-33,-3,-3,-26,-58,Tunisia
Apr-23,-41,-41,-41,-33,-47,-59,-20,-7,-48,-75,Tunisia
May-23,-44,-24,-53,-59,-62,-53,-48,9,-41,-57,Tunisia
Jun-23,-42,-28,-47,-56,-55,-49,-45,6,-32,-61,Tunisia
Jul-23,5,-11,11,4,-1,-9,56,25,5,-47,Tunisia
Aug-23,-34,-8,-44,-50,-61,-65,-23,15,-22,-30,Tunisia
Sep-23,-33,-13,-40,-48,-51,-59,-34,25,-9,-51,Tunisia
Oct-23,-30,-17,-35,-45,-57,-50,-8,17,-14,-51,Tunisia
Jul-22,-3,-16,2,-1,1,4,12,-16,-9,-16,Uganda
Aug-22,-7,-18,-3,6,0,-1,2,-14,-21,-22,Uganda
Sep-22,8,-12,16,18,15,16,34,13,-2,-37,Uganda
Oct-22,-11,-28,-4,-11,-16,-5,38,19,-25,-75,Uganda
Nov-22,-9,-31,0,-6,-9,-7,25,7,-5,-68,Uganda
Dec-22,1,-17,7,0,3,5,38,23,-8,-57,Uganda
Jan-23,9,-5,14,16,10,11,45,30,-10,-41,Uganda
Feb-23,2,-7,6,7,9,0,53,42,-40,-55,Uganda
Mar-23,-8,-19,-4,-8,-3,-1,37,29,-44,-67,Uganda
Apr-23,4,-14,12,21,14,5,56,26,-38,-53,Uganda
May-23,-8,-29,1,13,14,11,26,17,-60,-75,Uganda
Jun-23,-3,-18,4,8,9,8,47,32,-54,-68,Uganda
Jul-23,23,19,24,26,29,18,24,43,25,-5,Uganda
Aug-23,0,-10,4,-1,2,8,56,48,-45,-68,Uganda
Sep-23,-7,-14,-4,-8,-6,-8,42,40,-42,-69,Uganda
Oct-23,16,7,19,15,8,14,76,36,-17,-23,Uganda
Feb-22,2,-27,13,-38,46,42,14,20,2,-73,Zambia
Mar-22,-6,-30,4,9,9,11,2,-9,-10,-52,Zambia
Apr-22,-30,-49,-23,-8,-15,-15,-22,-40,-53,-58,Zambia
May-22,15,-21,30,43,47,46,14,-11,0,-31,Zambia
Jun-22,-6,-33,5,12,13,28,6,-9,-32,-57,Zambia
Jul-22,7,-20,18,33,34,28,9,-12,-13,-29,Zambia
Aug-22,24,-5,35,41,44,45,24,12,21,-22,Zambia
Sep-22,27,-30,50,77,75,75,16,-18,8,-42,Zambia
Oct-22,18,-4,26,43,43,43,15,-3,-13,-4,Zambia
Nov-22,20,-18,35,37,40,34,34,18,29,-54,Zambia
Dec-22,14,-5,21,28,24,23,17,19,15,-29,Zambia
Jan-23,8,-6,13,11,14,23,10,15,7,-26,Zambia
Feb-23,15,0,20,26,19,26,16,30,15,-30,Zambia
Mar-23,9,-14,18,24,25,12,21,8,10,-37,Zambia
May-23,41,25,47,46,51,48,45,56,45,-6,Zambia
Jun-23,46,29,53,52,57,57,50,60,48,-2,Zambia
Jul-23,41,20,49,51,48,48,52,42,47,-1,Zambia
Aug-23,28,3,39,41,47,42,36,35,26,-30,Zambia
Sep-23,21,8,27,32,35,26,25,30,15,-15,Zambia
Oct-23,31,19,36,39,48,28,33,56,30,-18,Zambia
